sel;sta;tip;ny;name;uhom;nsx;pn;qn;pg;qg;vzd;qmin;qmax;bshr;gshr;vras;delta;qnr;pnr 
0;0;Нагр;3828;ПС 110 кВ НПС-21 2С ОРУ 110 кВ;110;0;;;;;;;;;;112.21;-31.99;; 
0;0;Нагр;3827;ПС 220 кВ Сковородино 2С ОРУ 110 кВ;110;70301;20.4;6.4;;;;;;;;112.85;-31.62;8;20 
0;0;Нагр;3826;ПС 110 кВ НПС-21 2С-10 кВ;10;2;10;1.5;;;;-10;10;;;10.23;-33.58;2;10 
0;0;Нагр;3825;ПС 110 кВ НПС-21 1С-10 кВ;10;2;10;1.5;;;;-10;10;;;9.52;-34.29;1;10 
0;0;Нагр;3824;ПС 110 кВ НПС-21 1С ОРУ 110 кВ;110;0;;;;;;;;;;104.4;-32.53;; 
1;1;Нагр;4143;ПС 110 кВ Комсомольская 2С;110;1;;;;;;;;;;;;; 
0;0;Нагр;4621;ПС 220 кВ НПС-18 2 СШ 220;220;1;17;4.8;;;;;;;;231.46;-32.58;5;18 
0;0;Нагр;4330;Нерюнгринская ГРЭС 2С-35;35;2;7.4;5.1;;;;;;;;38.6;-19.47;7;8 
0;0;Нагр;4141;ПС 110 кВ Угольная 2С;110;1;1.3;0.1;;;;;;;;118.99;-21.3;;1 
0;0;Нагр;4140;ПС 110 кВ Инаглинская 1С;110;1;0.5;0.1;;;;;;;;119.12;-20.91;;1 
0;0;Нагр;4139;ПС 110 кВ Денисовская 2С;110;1;1.4;0.4;;;;;;;;119.61;-19.99;1;1 
0;0;Нагр;4138;ПС 110 кВ Дежневская 2С;110;1;4.7;0.4;;;;;;;;119.71;-19.89;;5 
0;0;Нагр;4802;ПС 220 кВ Нижний Куранах 2С-35 кВ;35;2;7;3.3;;;;;;13493;;33.11;-39.62;3;7 
0;0;Нагр;4142;ПС 220 кВ Томмот 1 С 11;10;0;;;;;;;;;;11.11;-38.56;; 
0;0;Нагр;1640;ПС 220 кВ НПС-38 2С 220;220;1;3.2;0.6;;;;;;;;237.66;-28.52;1;3 
0;0;Нагр;1287;ПС 110 кВ Пушкинская 1С 110 кВ;110;1;;;;;;;;;;111.27;-51.5;; 
0;0;Нагр;1286;ПС 110 кВ Лазурная 2С 110 кВ;110;1;2;0.4;;;;;;;;119.52;-47.85;1;2 
0;0;Нагр;1256;ПС 110 кВ Уссурийск-1 2СШ 110 кВ;110;1;21;6.2;;;;;;;;113.25;-50.17;7;21 
0;0;Нагр;1242;ПС 110 кВ Агрокомплекс 2С 110 кВ;110;1;1.3;0.3;;;;;;;;116.42;-47.22;;1 
0;0;Нагр;1175;ПС 110 кВ Садовая 1С 110 кВ;110;1;;;;;;;;;;117.97;-49.06;; 
0;0;Нагр;1132;ПС 220 кВ Арсеньев-2 2С 110 кВ;110;1;;;;;;;;;;119.98;-42.89;; 
0;0;Нагр;1120;ПС 110 кВ Ключи 2С 110 кВ;110;1;0.1;;;;;;;;;121.41;-43.7;; 
0;0;Нагр;2887;ПС 35 кВ Эгге;35;2;;;;;;;;;;36.39;-12.17;; 
0;0;Нагр;2881;ПС 35 кВ Городская ;35;2;6.4;0.8;;;;;;;;36.38;-13.14;1;7 
0;0;Нагр;2253;ПС 110 кВ Окоча;110;0;;;;;;;;;;122.11;-11.52;; 
0;0;Нагр;2254;ПС 110 кВ Эгге СШ 110 кВ;110;0;;;;;;;;;;122.15;-11.52;; 
0;0;Нагр;2886;ПС 110 кВ Окоча СШ 35 кВ ;35;0;;;;;;;;;;36.49;-12.92;; 
0;0;Нагр;2880;ПС 35 кВ Центральная;35;2;8.5;1.9;;;;;;;;36.32;-13.08;2;9 
0;0;Нагр;2879;ПС 35 кВ Кислородная ;35;2;5.6;1.6;;;;;;;;36.3;-13.26;2;6 
0;0;Нагр;2885;ПС 110 кВ Эгге СШ 35 кВ;35;2;1.9;0.9;;;;;;;;36.39;-12.17;1;2 
1;1;Нагр;7139;отп.Л-101 отпайка на Марха;110;0;;;;;;;;;;;;; 
1;1;Нагр;7138;отп.Л-102 отпайка на Марха;110;0;;;;;;;;;;;;; 
1;1;Нагр;7134;ПС 110 кВ Марха Т-2;110;1;1.9;0.8;;;;;;;;;;; 
1;1;Нагр;7135;ПС 110 кВ Марха Т-1;110;1;1.9;0.8;;;;;;;;;;; 
1;1;Нагр;2148;ПС 110 кВ СДВ 1С 110;110;0;;;;;;;;;;;;; 
1;1;Нагр;2124;ПС 110 кВ СДВ 2С 110;110;0;;;;;;;;;;;;; 
1;1;Нагр;4608;ПП 220 кВ Налдинская;220;0;;;;;;;;;;;;; 
1;1;Нагр;1558;ПС 220 кВ Суходол;220;0;;;;;;;;;;;;; 
0;0;Нагр;60301106;ПС 220 кВ Шапка  ;220;1;6.3;5.5;;;;;;;;239.58;-1.79;6;7 
0;0;Нагр;60301105;ПС 220 кВ Чичатка  ;220;1;29.2;21.6;;;;;;;;222.02;-34.81;22;29 
0;0;Нагр;60301101;ПС 220 кВ Чернышевск  ;220;1;11.5;11.7;;;;;;;;238.38;-3.01;14;12 
0;0;Нагр;60301134;ПС 220 кВ Холбон ср. точка АТ-2 ;220;1;;;;;;;;;;241.98;-0.38;; 
0;0;Нагр;60301136;ПС 220 кВ Холбон ср. точка АТ-1 ;220;1;;;;;;;;;;239.19;-0.36;; 
0;0;Ген;60301100;ПС 220 кВ Холбон  ;110;1;2.3;1.8;9.8;-3.6;119.6;-100;100;;;119.59;-0.35;2;2 
0;0;Ген+;60301099;ПС 220 кВ Холбон  ;220;1;;;-13;100;240.4;-100;100;;;240.44;;; 
0;0;Нагр;60301098;ПС 220 кВ Холбон  ;110;1;4.3;3.5;;;;;;;;119.59;-0.35;4;5 
0;0;База;60301097;ПС 220 кВ Холбон  ;220;1;;;154.7;-111.3;240.4;-100;100;;;240.44;;; 
0;0;Нагр;60301137;ПС 220 кВ Холбон ;10;2;;0.2;;;;;;;;10.91;-0.36;; 
0;0;Нагр;60301135;ПС 220 кВ Холбон ;10;2;0.1;0.2;;;;;;;;11.04;-0.38;; 
0;1;Нагр;60301112;ПС 220 кВ Урюм ШР  ;220;1;;;;;;;;342;2;;;; 
0;0;Нагр;60301087;ПС 220 кВ Урюм  ;220;1;8.5;8;;;;;;;;237.99;-4.99;9;9 
0;1;Нагр;60301157;ПС 220 кВ Семиозернный ШР-4  ;220;1;;;;;;;;56;1;;;; 
0;1;Нагр;60301158;ПС 220 кВ Семиозернный ШР-3  ;220;1;;;;;;;;56;1;;;; 
0;1;Нагр;60301156;ПС 220 кВ Семиозернный ШР-2  ;220;1;;;;;;;;56;1;;;; 
0;1;Нагр;60305007;ПС 220 кВ Семиозернный ШР-1  ;220;1;;;;;;;;56;1;;;; 
0;0;Нагр;60301071;ПС 220 кВ Семиозернный  ;220;1;18.3;12.7;;;;;;;;227.2;-35.59;13;19 
0;0;Нагр;60301070;ПС 220 кВ Сбега  ;220;1;10.8;7.7;;;;;;;;238.29;-5.44;9;11 
0;0;Нагр;60301066;ПС 220 кВ Приисковая  ;220;1;12.2;12;;;;;;;;239.57;-0.85;14;13 
0;0;Нагр;60301063;ПС 220 кВ Пеньковая  ;220;1;7.9;5;;;;;;;;238.47;-6.19;6;8 
0;1;Нагр;60301119;ПС 220 кВ Могоча ШРр-6  ;10;2;;;;;;;;27273;330;;;; 
0;1;Нагр;60301118;ПС 220 кВ Могоча ШРр-5  ;10;2;;;;;;;;27273;330;;;; 
0;1;Нагр;60301117;ПС 220 кВ Могоча ШРр-4  ;10;2;;;;;;;;27273;330;;;; 
0;1;Нагр;60301116;ПС 220 кВ Могоча ШРр-3  ;10;2;;;;;;;;27273;330;;;; 
0;1;Нагр;60301115;ПС 220 кВ Могоча ШРр-2  ;10;2;;;;;;;;27273;330;;;; 
0;1;Нагр;60301114;ПС 220 кВ Могоча ШРр-1  ;10;2;;;;;;;;27273;330;;;; 
0;0;Нагр;60301188;ПС 220 кВ Могоча Фр-ПН-4 ;35;2;;;;;;;;-7758;;36.66;-35.68;; 
0;1;Нагр;60301187;ПС 220 кВ Могоча Фр-ПН-3 ;35;2;;;;;;;;-7758;;;-35.68;; 
0;0;Нагр;60301186;ПС 220 кВ Могоча Фр-ПН-2 ;35;2;;;;;;;;-7758;;36.62;-6.33;; 
0;1;Нагр;60301185;ПС 220 кВ Могоча Фр-ПН-1 ;35;2;;;;;;;;-7758;;;;; 
0;1;Ген;60301079;ПС 220 кВ Могоча ТКРМ-2  ;11;2;;;;;10;-25;40;;;;;; 
0;1;Ген;60301078;ПС 220 кВ Могоча ТКРМ-1  ;11;2;;;;;10;-25;40;;;;;; 
0;0;Нагр;60301049;ПС 220 кВ Могоча ср. точка АТ-2 ;220;1;;;;;;;;;;236.48;-6.82;; 
0;0;Нагр;60301050;ПС 220 кВ Могоча ср. точка АТ-1 ;220;1;;;;;;;;;;236.48;-6.82;; 
0;1;Нагр;60301069;ПС 220 кВ Могоча Рр-8  ;10;2;;;;;;;;245455;333;;;; 
0;1;Нагр;60301068;ПС 220 кВ Могоча Рр-7  ;10;2;;;;;;;;81818;333;;;; 
0;0;Ген;60301074;ПС 220 кВ Могоча ПН-4 ;35;2;;;;54.2;36.7;-66.5;66.5;;;36.66;-35.68;; 
0;1;Нагр;60301073;ПС 220 кВ Могоча ПН-3 ;35;2;;;;;;-66.5;66.5;;;;;; 
0;0;Ген;60301072;ПС 220 кВ Могоча ПН-2 ;35;2;;;;7.4;36.6;-66.5;66.5;;;36.62;-6.33;; 
0;1;Ген;60301003;ПС 220 кВ Могоча ПН-1 ;35;2;;;;41.2;37.4;-66.5;66.5;;;;;; 
0;0;Нагр;60301184;ПС 220 кВ Могоча 6СШ - 35 кВ ;35;2;;;;;;;;;;36.66;-35.68;; 
0;0;Нагр;60301183;ПС 220 кВ Могоча 5СШ - 35 кВ ;35;2;;;;;;;;;;34.93;-35.61;; 
0;0;Нагр;60301182;ПС 220 кВ Могоча 4СШ - 35 кВ ;35;2;;;;;;;;;;36.62;-6.33;; 
0;0;Нагр;60301181;ПС 220 кВ Могоча 3СШ - 35 кВ ;35;2;;;;;;;;;;36.15;-6.32;; 
0;0;Нагр;60301044;ПС 220 кВ Могоча 3-4 cш 220 кВ  ;220;1;;;;;;;;;;230.6;-35.61;; 
0;0;Нагр;60301043;ПС 220 кВ Могоча 1-2 сш 220 кВ  ;220;1;;;;;;;;;;238.61;-6.32;; 
0;0;Нагр;60301125;ПС 220 кВ Могоча  ;110;1;;;;;;;;;;117.16;-6.71;; 
0;0;Нагр;60301124;ПС 220 кВ Могоча  ;110;1;;;;;;;;;;117.16;-6.71;; 
0;0;Нагр;60301048;ПС 220 кВ Могоча  ;10;2;;;;;;;;;;10.88;-6.82;; 
0;0;Нагр;60301047;ПС 220 кВ Могоча  ;110;1;1.3;0.7;;;;;;;;117.16;-6.71;1;1 
0;0;Нагр;60301046;ПС 220 кВ Могоча  ;10;2;;;;;;;;;;10.88;-6.82;; 
0;0;Нагр;60301045;ПС 220 кВ Могоча  ;110;1;15;14.3;;;;;;;;117.16;-6.71;16;16 
0;0;Нагр;60301036;ПС 220 кВ Ксеньевская  ;220;1;7.1;6.4;;;;;;;;238.29;-5.76;7;8 
0;0;Нагр;60301032;ПС 220 кВ Кислый Ключ  ;220;1;8.4;4.9;;;;;;;;238.58;-6.04;6;9 
0;0;Нагр;60301029;ПС 220 кВ Зилово  ;220;1;8.5;8.2;;;;;;;;238.03;-4.32;9;9 
0;0;Нагр;60301028;ПС 220 кВ Зилово  ;220;1;10.8;9.5;;;;;;;;238.03;-4.32;11;11 
0;0;Нагр;60301150;ПС 220 кВ Жирекен ср. точка АТ-2 ;220;1;;;;;;;;;;239.03;-3.37;; 
0;0;Нагр;60301148;ПС 220 кВ Жирекен ср. точка АТ-1 ;220;1;;;;;;;;;;238.94;-3.41;; 
0;0;Нагр;60301147;ПС 220 кВ Жирекен  ;220;1;;;;;;;;;;238.42;-3.7;; 
0;0;Нагр;60301146;ПС 220 кВ Жирекен  ;220;1;;;;;;;;;;238.24;-3.72;; 
0;0;Нагр;60301025;ПС 220 кВ Жирекен  ;110;1;0.2;0.1;;;;;;;;118.14;-3.44;; 
0;0;Нагр;60301024;ПС 220 кВ Жирекен  ;110;1;;;;;;;;;;118.14;-3.44;; 
0;0;Нагр;60301151;ПС 220 кВ Жирекен ;10;2;0.8;0.5;;;;;;;;11.4;-3.55;1;1 
0;0;Нагр;60301149;ПС 220 кВ Жирекен ;10;2;;;;;;;;;;11.43;-3.41;; 
0;1;Нагр;60301113;ПС 220 кВ Бушулей ШР-2  ;220;1;;;;;230;;;348;2;;;; 
0;1;Нагр;60301160;ПС 220 кВ Бушулей ШР-1  ;220;1;;;;;;;;337;2;;;; 
0;0;Нагр;60301016;ПС 220 кВ Бушулей  ;220;1;11.8;12.4;;;;;;;;238.18;-3.53;14;12 
0;1;Нагр;60305006;ПС 220 кВ Амазар ШР-4  ;220;1;;;;;;;;56;1;;;; 
0;1;Нагр;60301155;ПС 220 кВ Амазар ШР-3  ;220;1;;;;;;;;56;1;;;; 
0;1;Нагр;60302180;ПС 220 кВ Амазар ШР-2  ;220;1;;;;;;;;56;1;;;; 
0;1;Нагр;60301154;ПС 220 кВ Амазар ШР-1  ;220;1;;;;;;;;56;1;;;; 
0;0;Нагр;60301006;ПС 220 кВ Амазар  ;220;1;12.5;4.4;;;;;;;;226.03;-34.99;5;13 
0;0;Нагр;60301103;ПС 110 кВ Чернышевск  ;110;1;1.4;0.2;;;;;;;;119.07;-2.35;;1 
0;0;Нагр;60301102;ПС 110 кВ Чернышевск  ;110;1;1.5;;;;;;;;;119.07;-2.35;;2 
0;0;Нагр;60301056;ПС 110 кВ Нерчинск  ;110;1;;;;;;;;;;119.41;-1.01;; 
0;0;Нагр;60301055;ПС 110 кВ Нерчинск  ;110;1;;;;;;;;;;119.49;-0.97;; 
0;0;Нагр;60301054;ПС 110 кВ Нерчинск  ;110;1;2.7;1.1;;;;;;;;119.38;-1.02;1;3 
0;0;Нагр;60301053;ПС 110 кВ Нерчинск  ;110;1;1.5;0.7;;;;;;;;119.48;-0.98;1;2 
0;0;Нагр;60301037;ПС 110 кВ Ксеньевская  ;110;1;0.1;0.1;;;;;;;;117.53;-5.36;; 
0;0;Нагр;60301018;ПС 110 кВ Давенда  ;110;1;5.3;1.8;;;;;;;;116.68;-5.74;2;5 
0;0;Нагр;60301004;ПС 110 кВ Аксеново Зилово  ;110;1;0.2;0.1;;;;;;;;118.26;-4.06;; 
0;0;Нагр;60301076;Первомайская ТЭЦ  ;6;2;;;;;6.2;;;;;6.23;-0.41;; 
0;0;Нагр;60301065;Первомайская ТЭЦ  ;110;1;;;;;;;;;;119.75;-0.41;; 
0;0;Нагр;60301027;Отпайка ПС 220 кВ Жирекен  ;220;1;;;;;;;;;;238.23;-3.73;; 
0;0;Нагр;60301026;Отпайка ПС 220 кВ Жирекен  ;220;1;;;;;;;;;;238.41;-3.7;; 
0;0;Нагр;3322;Благовещенская ТЭЦ 2СШ-110 кВ;110;0;;;;;;;;;;118.9;-10.74;; 
0;1;Нагр;1684;ТЭЦ Океанариум ДЭС-2;11;0;;;;;;;;;;;;; 
0;1;Нагр;1683;ТЭЦ Океанариум ДЭС-1;11;0;;;;;;;;;;;;; 
0;0;Нагр;1182;ПС 110 кВ Садовая 2С 110 кВ;110;1;;;;;;;;;;117.97;-49.06;; 
0;0;Нагр;4504;ПС 220 кВ Эльгауголь ОРУ 35 кВ ;35;2;5.8;3.6;;;;;;;;36.99;-20.01;4;6 
0;0;Нагр;4502;ПС 220 кВ Эльгауголь ср.т. АТ-2;220;0;;;;;;;;;;223.97;-19.11;; 
0;0;Ген;4512;ПС 220 кВ Эльгауголь 110 УШР2;110;0;;;;-15.6;118;-25;;;;118;-19.11;; 
0;1;Ген;4511;ПС 220 кВ Эльгауголь 110 УШР1;110;0;;;;;121;-25;;;;;;; 
0;0;Нагр;4503;ПС 220 кВ Эльгауголь 110;110;0;;;;;;;;;;118;-19.11;; 
0;0;Нагр;6151;ПС 110 кВ Нюрба 2С-110;110;0;;;;;;;;;;99.93;-84.98;; 
0;0;Нагр;60405054;ПС 220 кВ Сухой Лог 1 СШ 220;220;1;35.8;10.1;;;;;;;;239.03;-14.55;12;38 
0;0;Нагр;60405055;ПС 220 кВ Сухой Лог 2 СШ 220;220;1;35.9;10.1;;;;;;;;237.92;-14.66;12;38 
0;0;Ген+;4415;ПС 220 кВ НПС-15 1С-220;220;1;24;7.2;;-3;232;-63;-3;;;225.2;-49.2;8;24 
0;0;Нагр;7209;ПС 110 кВ Намыв 2СШ;110;1;2;0.4;;;;;;;;120.89;-22.78;;2 
0;0;Нагр;7208;ПС 110 кВ Намыв 1СШ;110;1;;;;;;;;;;120.92;-22.76;; 
0;0;Нагр;7207;отп.Л-105 на ПС 110 кВ Намыв;110;0;;;;;;;;;;120.89;-22.78;; 
0;0;Нагр;7206;отп. Л-106 на ПС 110 кВ Намыв;110;0;;;;;;;;;;120.92;-22.76;; 
0;0;Нагр;60402940;отпайка НПС-8 1;220;0;;;;;;;;;;246.83;-3.81;; 
0;0;Ген-;60402937;ПС 220 кВ НПС-9 2СШ;220;1;3.9;1.9;;-25;238.3;-25;;;;244.38;-5.65;2;4 
0;1;Нагр;6551;ПС 110 кВ Вилюйск 1Т 6 кВ;6;2;;;;;;;;;;;;; 
0;1;Нагр;6552;ПС 110 кВ Вилюйск 2Т 6 кВ;6;2;;;;;;;;;;;;; 
0;0;Нагр;6542;ПС 110 кВ Вилюйск с.т. 2Т;110;0;;;;;;;;;;102.08;-103.05;; 
0;0;Нагр;6541;ПС 110 кВ Вилюйск с.т. 1Т;110;0;;;;;;;;;;104.65;-98.58;; 
0;0;Нагр;6173;ПС 110 кВ Нюрба 2с 110 кВ;110;0;;;;;;;;;;105.19;-91.23;; 
0;0;Нагр;60402941;отпайка НПС-8 2;220;0;;;;;;;;;;247.46;-5.45;; 
0;0;Ген-;60402936;ПС 220 кВ НПС-9 1 CШ;220;1;3.9;1.9;;-25;238.7;-25;;;;244.99;-6.84;2;4 
0;0;Нагр;6224;ПС 220 кВ НПС-13 2СШ-220 кВ;220;1;8.3;2.8;;;;;;;;234.56;-55.32;3;9 
0;0;Ген;6323;Светлинская ГЭС Г3;14;2;0.9;0.1;58;-9.3;14.3;-36.8;82.5;;;14.3;-46.01;;1 
0;0;Нагр;6325;ПС 110 кВ МГРЭС 1СШ-110 кВ;110;2;1.5;0.2;;;;;;;;120.19;-54.02;;2 
0;0;Нагр;6326;ПС 110 кВ МГРЭС 2СШ-110 кВ;110;2;1.8;0.2;;;;;;;;120.19;-54.02;;2 
0;0;Ген;6322;Светлинская ГЭС Г2;14;0;;;45.3;-10.1;14.3;-38.1;85.1;;;14.3;-46.61;; 
0;0;Нагр;6320;Светлинская ГЭС 1C 220;220;0;;;;;;;;;;240.5;-49.09;; 
0;0;Ген;6321;Светлинская ГЭС Г1;14;2;0.9;0.1;40.3;-8.5;14.3;-45.4;87;;;14.3;-47.13;;1 
0;0;Ген;6308;Каскад Вилюйских ГЭС 1, 2 8Г;14;2;0.9;;64.7;-7.6;14;-45.8;63.6;;;14;-45.46;;1 
0;0;Ген;6307;Каскад Вилюйских ГЭС 1, 2 7Г;14;0;;;64.5;-7.6;14;-39.6;63.6;;;14;-45.42;; 
0;0;Ген;6306;Каскад Вилюйских ГЭС 1, 2 6Г;14;2;1.5;;65.9;-7.9;14;-45;63.2;;;14;-45.52;;1 
0;0;Ген;6304;Каскад Вилюйских ГЭС 1, 2 4Г;14;2;;;46.5;-8.1;14;-55.4;53.6;;;14;-46.38;; 
0;0;Ген;6305;Каскад Вилюйских ГЭС 1, 2 5Г;14;0;;;64.4;-7.7;14;-39.7;63.7;;;14;-45.46;; 
0;0;Ген;6303;Каскад Вилюйских ГЭС 1, 2 3Г;14;2;0.9;;44.8;-7.9;14;-55.2;54;;;14;-46.48;;1 
0;0;Нагр;6302;Каскад Вилюйских ГЭС 1, 2 2Г;14;2;;;;;14;;;;;14.1;-48.8;; 
0;0;Ген;6301;Каскад Вилюйских ГЭС 1, 2 1Г;14;2;1.2;;44.7;-8.2;14;-56.6;54;;;14;-46.56;;1 
0;0;Нагр;6212;ПС 220 кВ НПС-12 1СШ-220 кВ;220;1;9.7;2.1;;;;;;;;239.69;-55.76;2;10 
0;0;Нагр;6311;Каскад Вилюйских ГЭС 1, 2 1СШ-220 кВ;220;0;;;;;;;;;;241.04;-48.8;; 
0;0;Нагр;6312;Каскад Вилюйских ГЭС 1, 2 2СШ-220 кВ;220;0;;;;;;;;;;241.04;-48.8;; 
0;0;Нагр;6313;Каскад Вилюйских ГЭС 1, 2 3СШ-220 кВ;220;0;;;;;;;;;;241.05;-48.79;; 
0;0;Нагр;6314;Каскад Вилюйских ГЭС 1, 2 4СШ-220 кВ;220;0;;;;;;;;;;241.05;-48.79;; 
0;0;Нагр;6216;ПС 220 кВ Чернышевская 2СШ-220 кВ;220;1;16.1;3.9;;;;;;;;241.03;-48.83;5;17 
0;0;Нагр;6217;ПС 220 кВ Чернышевская 1СШ-220 кВ;220;1;3.2;1.5;;;;;;;;241.05;-48.88;2;3 
0;0;Нагр;6101;ПС 220 кВ Айхал 1СШ-110 кВ;110;1;29.6;7.9;;;;;;;;120.43;-62.45;9;31 
0;0;Нагр;6102;ПС 220 кВ Айхал 2СШ-110 кВ;110;1;23.5;9.3;;;;;;;;119.92;-62.22;11;25 
0;0;Нагр;6218;ПС 220 кВ Сунтар ОРУ-220 кВ;220;0;;;;;;;;;;226.95;-57.99;; 
0;1;Нагр;6227;ПС 220 кВ Городская ШР-3;220;0;;;;;;;;992;;;;; 
0;0;Нагр;6219;ПС 220 кВ Городская 1СШ-220 кВ;220;0;;;;-39.3;;-63;-1;;;240;-55.61;; 
0;0;Нагр;6119;ПС 220 кВ Городская 1СШ-110 кВ;110;1;16.3;4.3;;;;;;;;113.92;-57.15;5;17 
0;0;Нагр;6120;ПС 220 кВ Городская 2СШ-110 кВ;110;1;22.4;7.3;;;;;;;;113.51;-57.85;8;23 
0;0;Нагр;6200;ПС 220 кВ Айхал МВ-208;220;0;;;;;;;;;;230.88;-61.22;; 
0;0;Нагр;6131;ПС 110 кВ Мир 1C-110;110;1;0.6;0.2;;;;;;;;120.69;-51.37;;1 
0;0;Нагр;6117;ПС 220 кВ Сунтар 1СШ-110 кВ;110;70621;36;7.1;;;;;;;;119.72;-62.19;12;41 
0;0;Нагр;6118;ПС 220 кВ Сунтар 2СШ-110 кВ;110;0;;;;;;;;;;124.92;-65.21;; 
0;0;Нагр;6228;ПС 220 кВ Сунтар с.т. 2АТ;220;0;;;;;;;;;;221.19;-66.28;; 
0;0;Нагр;6229;ПС 220 кВ Сунтар с.т. 1АТ;220;0;;;;;;;;;;220.7;-62.84;; 
0;0;Нагр;6508;ПС 220 кВ Сунтар Р-2;35;0;;;;;;;;;;37.38;-66.28;; 
0;0;Ген+;6530;ПС 220 кВ Олёкминск 2СШ-35 кВ;35;2;4;1.1;;-1;38;-25;-1;;;35.69;-55.38;1;4 
0;0;Ген+;6531;ПС 220 кВ Олёкминск 1СШ-35 кВ;35;2;6.3;1.7;;-1;37;-25;-1;;;35.76;-54.81;2;6 
0;0;Нагр;6536;ПС 220 кВ Районная 2СШ-10 кВ;10;2;0.3;;;;;;;;;11.47;-51.97;; 
0;0;Нагр;6537;ПС 220 кВ Районная 1СШ-10 кВ;10;2;0.3;0.3;;;;;;;;11.51;-51.46;; 
0;0;Нагр;6509;ПС 220 кВ Сунтар Р-1;35;0;;;;;;;;;;36.86;-62.84;; 
0;0;Нагр;6201;ПС 220 кВ Айхал 1СШ-220 кВ;220;0;;;;;;;;;;230.88;-61.22;; 
0;0;Нагр;6202;ПС 220 кВ Айхал с.т. 2АТ;220;0;;;;;;;;;;230.53;-62.3;; 
0;0;Нагр;6203;ПС 220 кВ Айхал с.т. 1АТ;220;0;;;;;;;;;;231.62;-62.49;; 
0;0;Нагр;6204;ПС 220 кВ ГПП-6 ОРУ-220 кВ;220;0;;;;;;;;;;225.76;-63.23;; 
0;0;Нагр;6205;ПС 220 кВ ГПП-6 с.т. 1АТ;220;0;;;;;;;;;;217.29;-69.09;; 
0;1;Нагр;6206;ПС 220 кВ ГПП-6 с.т. 2АТ;220;0;;;;;;;;;;;;; 
0;0;Нагр;6207;ПС 220 кВ ГПП-6 с.т. 3АТ;220;0;;;;;;;;;;218.31;-68.12;; 
0;0;Нагр;6208;отп. Л-202 на ПС 220 кВ Чернышевская;220;0;;;;;;;;;;241.03;-48.83;; 
0;0;Нагр;6209;отп. Л-201 на ПС 220 кВ Чернышевская;220;0;;;;;;;;;;241.06;-48.88;; 
0;0;Нагр;6104;ПС 220 кВ ГПП-6 2СШ-110 кВ;110;70629;56.4;15.9;;;;;;;;117.23;-67.89;21;61 
0;0;Нагр;6103;ПС 220 кВ ГПП-6 1СШ-110 кВ;110;70628;56.4;15.9;;;;;;;;116.91;-68.46;19;62 
0;0;Нагр;6502;ПС 220 кВ Айхал 3СШ-10 кВ, 4СШ-10 кВ;10;2;1.1;;;10;;-8;15;;;10.94;-62.56;;1 
0;0;Нагр;6503;ПС 220 кВ Айхал 1СШ-10 кВ, 2СШ-10 кВ;10;2;1.1;;;;;;;;;11.17;-62.77;;1 
0;0;Нагр;6505;ПС 220 кВ ГПП-6 1СШ-6 кВ, 3СШ-6 кВ;6;70626;29.1;8.2;;;;;;;;5.72;-73.55;7;29 
0;0;Нагр;6507;ПС 220 кВ ГПП-6 2СШ-6 кВ, 4СШ-6 кВ;6;70627;29.1;8.2;;;;;;;;5.79;-71.11;8;29 
0;0;Нагр;6211;ПС 220 кВ НПС-11 1СШ-220 кВ;220;1;7.3;1.9;;;;;;;;241.78;-56.15;2;8 
0;0;Нагр;6221;отп. Л-233 на ПС 220 кВ НПС-11;220;0;;;;;;;;;;241.08;-56.46;; 
0;0;Нагр;6222;отп. Л-234 на ПС 220 кВ НПС-11;220;0;;;;;;;;;;241.79;-56.15;; 
0;0;Ген;6226;ПС 220 кВ Пеледуй 2СШ-220 кВ;220;0;;;;-29.4;240;-63;-1;;;240;-10.15;; 
0;0;Нагр;6225;ПС 220 кВ Пеледуй 1СШ-220 кВ;220;0;;;;-55;;-63;-1;;;240;-10.15;; 
0;0;Нагр;6230;ПС 220 кВ Олёкминск 1СШ-220 кВ;220;0;;;;;;;;520;;227.38;-53.1;; 
0;0;Нагр;6236;ПС 220 кВ Районная с.т. 2АТ;220;0;;;;;;;;;;239.01;-51.91;; 
0;0;Нагр;6237;ПС 220 кВ Районная с.т. 1АТ;220;0;;;;;;;;;;240.23;-51.39;; 
0;0;Нагр;6238;ПС 220 кВ Мирный ОРУ-220 кВ;220;0;;;;;;;;;;240.61;-51.18;; 
0;0;Нагр;6144;ПС 220 кВ Мирный 2СШ-110 кВ;110;1;3.7;-0.2;;;;;;;;120.86;-53.7;;4 
0;0;Нагр;6135;ПС 220 кВ Районная 1СШ-110;110;0;;;;;;;;;;120.7;-51.36;; 
0;0;Нагр;6145;ПС 220 кВ Мирный 1СШ-110 кВ;110;1;1.4;-0.7;;;;;;;;121.01;-52.11;-1;2 
0;0;Нагр;6146;ПС 220 кВ Фабрика № 3 2СШ-110 кВ;110;0;;;;;;;;;;119.89;-54.17;; 
0;0;Нагр;6147;отп. Л-131 на ПС 110 кВ Западная;110;0;;;;;;;;;;119.97;-54.12;; 
0;0;Нагр;6148;отп. Л-132 на ПС 110 кВ Западная;110;0;;;;;;;;;;120.6;-53.83;; 
0;0;Нагр;6149;ПС 110 кВ Западная 1СШ-110 кВ, 3СШ-110 кВ;110;1;5.2;0.9;;;;;;;;119.94;-54.13;1;5 
0;0;Нагр;6150;ПС 110 кВ Западная 2СШ-110 кВ, 4СШ-110 кВ;110;1;3.1;0.3;;;;;;;;120.59;-53.84;;3 
0;0;Нагр;6239;ПС 220 кВ Мирный с.т. 1АТ;220;0;;;;;;;;;;239.63;-52.13;; 
0;0;Нагр;6240;ПС 220 кВ Мирный с.т. 2АТ;220;0;;;;;;;;;;239.39;-54.07;; 
0;0;Нагр;6241;отп. Л-211 на ПС 220 кВ Фабрика № 3;220;0;;;;;;;;;;240.75;-51.1;; 
0;0;Нагр;6242;ПС 220 кВ Фабрика № 3 с.т. 1АТ;220;0;;;;;;;;;;240.75;-51.1;; 
0;0;Нагр;6234;ПС 220 кВ Районная 2СШ-220 кВ;220;0;;;;;;;;;;240.82;-51.06;; 
0;0;Нагр;6235;ПС 220 кВ Районная 1СШ-220 кВ;220;0;;;;;;;;;;240.82;-51.06;; 
0;0;Нагр;6134;ПС 220 кВ Районная 2СШ-110;110;0;;;;;;;;;;120.15;-51.82;; 
0;0;Нагр;6136;ПС 110 кВ Эльгяй;110;1;4.3;1.1;;;;;;;;117.14;-69.66;1;5 
0;0;Нагр;6137;ПС 110 кВ Шея;110;1;5.1;1.1;;;;;;;;111.06;-73.92;1;5 
0;0;Нагр;6139;ПС 110 кВ Нюрба;110;0;;;;;;;;;;99.93;-84.98;; 
0;0;Нагр;6138;ПС 110 кВ Кюндядя;110;1;4.8;0.2;;;;;;;;102.25;-82.14;;5 
0;0;Нагр;6141;ПС 110 кВ Онхой;110;1;5.2;1.3;;;;;;;;97.38;-89.76;1;5 
0;0;Нагр;6143;ПС 110 кВ Вилюйск ОРУ-110 кВ;110;0;;;;;;-100;100;;;96.68;-95.24;; 
0;0;Нагр;6142;ПС 110 кВ Верхневилюйск;110;70623;3.6;1.6;;;;;;;;96.91;-92.44;1;3 
0;0;Нагр;6140;отп. Л-104 на ПС 110 кВ Онхой;110;0;;;;;;;;;;97.67;-89.6;; 
0;0;Нагр;6232;отп. Л-244 на ПС 220 кВ НПС-14;220;0;;;;;;;;;;226.87;-52.06;; 
0;0;Нагр;6233;отп. Л-243 на ПС 220 кВ НПС-14;220;0;;;;;;;;;;226.44;-52.21;; 
0;0;Ген;6220;ПС 220 кВ Городская 2СШ-220 кВ;220;0;;;;-3.4;240;-63;-1;;;240;-55.61;; 
0;0;Нагр;6213;ПС 220 кВ НПС-13 1СШ-220 кВ;220;1;14.9;5;;;;;;;;234.56;-55.32;6;16 
0;0;Нагр;6214;ПС 220 кВ НПС-14 1Т;220;1;9.9;1.4;;;;;;;;226.87;-52.06;1;10 
0;0;Нагр;6215;ПС 220 кВ НПС-14 2Т;220;1;17;3.2;;;;;;;;226.44;-52.21;3;17 
0;1;Нагр;6126;ПС 220 кВ Пеледуй 2СШ-110 кВ;110;1;5.9;0.1;;;;;;;;;-14.42;; 
0;0;Нагр;6547;ПС 220 кВ НПС-11 2СШ-220 кВ;220;1;12.8;3.5;;;;;;;;241.06;-56.47;4;14 
0;1;Нагр;6125;ПС 220 кВ Пеледуй 1СШ-110 кВ;110;1;6.5;-0.2;;;;;;;;;-14.48;; 
0;0;Нагр;6544;ПС 220 кВ Мирный 3СШ-10 кВ, 4СШ-10 кВ;10;2;11.2;2.2;;;;;;;;11.4;-55.62;3;12 
0;0;Нагр;6545;ПС 220 кВ Мирный 1СШ-10 кВ, 2СШ-10 кВ;10;2;14.3;2.9;;;;;;;;11.38;-54.1;4;16 
0;0;Нагр;6546;ПС 220 кВ Фабрика № 3 РУ-6 кВ;6;2;14.9;3.3;;;;;;;;6.54;-59.96;4;16 
0;0;Нагр;6132;ПС 110 кВ Мир 2C-110;110;1;2.7;1.3;;;;;;;;120.08;-51.84;2;3 
0;0;Нагр;6133;ПС 110 кВ Интернациональная 1C-110;110;1;2.1;1.4;;;;;;;;120.52;-51.41;2;2 
0;0;Нагр;6159;ПС 110 кВ Интернациональная 2C-110;110;1;4.8;3;;;;;;;;119.72;-51.93;4;5 
1;1;Нагр;6246;ПС 220 кВ КС-1 2С 220 кВ;220;0;;;;;;;;;;;;; 
1;1;Нагр;6245;ПС 220 кВ КС-1 1С 220 кВ;220;0;;;;;;;;;;;;; 
0;0;Нагр;6244;ПС 220 кВ Фабрика № 3 ОРУ-220 кВ;220;0;;;;;;;;;;240.75;-51.1;; 
0;0;Нагр;6158;ПП-5 Л-102;110;0;;;;;;;;;;113.09;-58.11;; 
0;0;Нагр;6160;отп. Л-102 на ПС 110 кВ Дорожная;110;1;1.6;1.6;;;;;;;;113.08;-58.11;2;2 
0;0;Нагр;6243;отп. Л-212 на ПС 220 кВ Фабрика № 3;220;0;;;;;;;;;;240.76;-51.1;; 
0;0;Нагр;6162;отп. Л-102 на ПС 110 кВ Заря;110;0;;;;;;;;;;121.08;-54.88;; 
0;0;Нагр;6164;ПС 110 кВ Заря;110;1;;0.6;;;;;;;;121.07;-54.89;1; 
0;0;Нагр;6165;ПС 110 кВ Таас-Юрях;110;1;6.7;0.2;;;;;;;;119.97;-55.98;;7 
0;0;Нагр;6154;отп. Л-102 на ПС 110 кВ Северная Нюя;110;1;0.2;;;;;;;;;113.51;-57.9;; 
0;0;Нагр;6532;ПС 220 кВ Олёкминск с.т. 2Т;220;0;;;;;;;;;;223.89;-55.41;; 
0;0;Нагр;6533;ПС 220 кВ Олёкминск 2СШ-6 кВ;6;2;8.1;1.7;;;;;;;;5.99;-56.64;2;8 
0;0;Нагр;6534;ПС 220 кВ Олёкминск с.т. 1Т;220;0;;;;;;;;;;224.33;-54.86;; 
0;0;Нагр;6535;ПС 220 кВ Олёкминск 1СШ-6 кВ;6;2;3;0.8;;;;;;;;6.02;-55.31;1;3 
0;0;Нагр;6538;ПС 110 кВ Вилюйск 2СШ-35 кВ;35;70625;4.9;0.7;;;;;;;;35.72;-103.5;1;5 
0;0;Нагр;6539;ПС 110 кВ Вилюйск 1СШ-35 БСК;35;70624;3.5;0.8;;;;;;-5388;;36.54;-98.58;;4 
0;0;Нагр;6210;ПС 220 кВ Айхал 2СШ-220 кВ;220;0;;;;;;;;;;230.88;-61.22;; 
0;0;Нагр;6223;ПС 220 кВ НПС-12 2СШ-220 кВ;220;1;17.6;4.4;;;;;;;;239.69;-55.76;5;19 
0;0;Нагр;6231;ПС 220 кВ Олёкминск 2СШ-220 кВ;220;0;;;;;;;;;;227.38;-53.1;; 
0;0;Нагр;7349;отп.2 на ПС Северная;110;0;;;;;;;;;;121.28;-22.35;; 
0;0;Нагр;7348;отп.1 на ПС Северная;110;0;;;;;;;;;;121.28;-22.35;; 
0;0;Нагр;7329;Якутская ГРЭС Новая 2СШ 2с;110;0;;;;;;;;;;121.42;-22.33;; 
0;1;Нагр;7347;ПС 220 кВ Майя 1С-10;10;0;;;;;;;;;;;;; 
0;1;Ген;7346;ПС 220 кВ Майя 2С-10;10;0;;;;;10.6;-20;20;;;;;; 
0;0;Нагр;7344;ПС 220 кВ Майя 1С-220;220;0;;;;;;;;;;228;-31.52;; 
0;0;Нагр;7343;ПС 220 кВ Майя ср.т. АТ-1;220;0;;;;;;;;;;226.87;-29.72;; 
0;0;Нагр;7342;ПС 220 кВ Майя ср.т. АТ-2;220;0;;;;;;;;;;226.87;-29.73;; 
0;0;Нагр;7341;ПС 220 кВ Майя 2СШ-110;110;1;6.5;2.3;;;;;;;;117.1;-30;3;7 
0;0;Нагр;7340;ПС 220 кВ Майя 1СШ-110;110;1;13.1;-0.5;;;;;;;;117.1;-30;-1;14 
0;0;Ген+;7334;Якутская ГРЭС Новая Г-4;10;2;0.7;;45.1;21.8;10.9;-15.2;21.8;;;10.87;-18.64;;1 
0;0;Ген;7333;Якутская ГРЭС Новая Г-3;10;2;1.4;;45;4.6;10.6;-15.6;22.4;;;10.6;-18.57;;1 
0;0;Ген;7332;Якутская ГРЭС Новая Г-2;10;2;6.2;;44.9;4.5;10.6;-15.8;22.8;;;10.6;-19.01;;6 
0;0;Ген;7331;Якутская ГРЭС Новая Г-1;10;2;1;;45.1;4.6;10.6;-15.6;22.3;;;10.6;-18.53;;1 
0;0;Нагр;7327;Якутская ГРЭС Новая 1СШ 2с;110;0;;;;;;;;;;121.42;-22.33;; 
0;0;Нагр;7328;Якутская ГРЭС Новая 2СШ 1с;110;0;;;;;;;;;;121.42;-22.33;; 
0;0;Нагр;7326;Якутская ГРЭС Новая 1СШ 1с;110;0;;;;;;;;;;121.42;-22.33;; 
0;0;Нагр;7530;ПС 110 кВ Северная 3СШ 6;6;0;;;;;;;;;;6.2;-24.16;; 
0;0;Нагр;7531;ПС 110 кВ Северная СШ 10;10;0;;;;;;;;;;10.32;-24.16;; 
0;0;Нагр;7322;Якутская ГРЭС 2СШ 2с ;110;0;;;;;;;;;;121.28;-22.35;; 
0;0;Нагр;7323;Якутская ГРЭС 2СШ 1с ;110;0;;;;;;;;;;121.28;-22.35;; 
0;0;Нагр;7175;отп. Л-106 на ПС 110 кВ Южная;110;0;;;;;;;;;;120.4;-23.4;; 
0;0;Нагр;7177;отп. Л-105 на ПС 110 кВ Птицефабрика;110;0;;;;;;;;;;120.29;-23.52;; 
0;0;Нагр;6548;ВЛ 220 КВГЭС - Айхал (Л-204);220;0;;;;;;;;;;238.84;-56.64;; 
0;0;Нагр;6549;ВЛ 220 КВГЭС - Айхал (Л-203);220;0;;;;;;;;;;238.84;-56.64;; 
0;0;Нагр;6171;ПС 110 кВ Вилюй ЗРУ-6 кВ;6;2;2.3;1;;;;;;;;6.4;-50.68;1;2 
0;0;Нагр;6172;ПС 110 кВ Нюрба 1с 110 кВ;110;0;;;;;;;;;;109.06;-87.09;; 
0;0;Нагр;6330;Светлинская ГЭС РУ-6 кВ;6;2;1.4;0.2;;;;;;;;6.9;-46.66;;2 
0;0;Нагр;7173;отп. Л-105 на ПС 110 кВ ДСК;110;0;;;;;;;;;;120.46;-23.3;; 
0;0;Нагр;7199;ПС 110 кВ Новый;110;1;0.2;;;;;;;;;111.62;-46.94;; 
0;0;Нагр;7174;отп. Л-106 на ПС 110 кВ ДСК;110;0;;;;;;;;;;120.5;-23.27;; 
0;0;Нагр;7176;отп. Л-106 на ПС 110 кВ Птицефабрика;110;0;;;;;;;;;;120.34;-23.48;; 
0;0;Нагр;7194;отп. Л-112 на ПС 110 кВ Ытык-Кюель;110;0;;;;;;;;;;112.09;-44.72;; 
0;0;Ген;7308;Якутская ГРЭС Г-8;11;0;;;33;5;10.6;-31.3;56.3;;;10.6;-19.84;; 
0;0;Нагр;7307;Якутская ГРЭС Г-7;11;0;;;;;10.6;;;;;10.52;-22.35;; 
0;0;Нагр;6331;Светлинская ГЭС РУ-6 кВ;6;2;1.3;0.1;;;;;;;;6.83;-48.75;;1 
0;0;Нагр;6174;ПС 110 кВ Вилюй ЗРУ-6 кВ 1С-6;6;2;;;;;;;;;;6.9;-46.66;; 
0;0;Нагр;7196;ПП 110 кВ Кюпцы;110;0;;;;;;;;;;118.56;-49.55;; 
0;0;Нагр;7145;отп. Л-107 на ПС 110 кВ Магарассы;110;0;;;;;;;;;;121.73;-23.58;; 
0;0;Ген;7304;Якутская ГРЭС Г-4;11;2;;;48;12.1;10.7;-28;52.7;;;10.7;-18.35;; 
0;0;Ген;7303;Якутская ГРЭС Г-3;11;2;1.5;;52;12.1;10.7;-26.4;51.3;;;10.7;-18.15;;2 
0;0;Ген;7302;Якутская ГРЭС Г-2;11;2;;;52;6.2;10.6;-26.4;51.3;;;10.6;-18.54;; 
0;0;Нагр;1121;ПС 220 кВ К ОРУ 110 кВ;110;1;27.9;2.6;;;;;;;;114.05;-41.82;3;29 
0;0;Нагр;7202;ПС 110 кВ Солнечный;110;1;4.1;-2.6;;;;;;;;121.07;-52.68;-3;4 
0;0;Нагр;7124;отп. Л-110 на ПС 110 кВ Центральная;110;0;;;;;;;;;;121.04;-22.48;; 
0;0;Нагр;7136;отп.Л-102 РЛТ-102;110;0;;;;;;;;;;120.98;-22.66;; 
0;0;Нагр;7143;отп. Л-101 на ПС 110 кВ Радиоцентр;110;0;;;;;;;;;;120.21;-22.94;; 
0;0;Нагр;7172;отп. Л-106 на ПС 110 кВ Набережная;110;0;;;;;;;;;;120.64;-23.1;; 
0;0;Нагр;7122;отп.Л-109 на ПС 110 кВ Восточная;110;0;;;;;;;;;;121.21;-22.41;; 
0;0;Нагр;7123;отп. Л-109 на ПС 110 кВ Центральная ;110;0;;;;;;;;;;121.03;-22.52;; 
0;0;Нагр;7121;отп.Л-110 на ПС 110 кВ Восточная ;110;0;;;;;;;;;;121.21;-22.4;; 
0;0;Нагр;7198;отп. Л-112 на ПС 110 кВ Новый;110;0;;;;;;;;;;111.63;-46.94;; 
0;0;Ген;7324;Якутская ТЭЦ 1СШ-6 ;6;2;1.7;1;6.2;1.4;6.2;;4.3;;;6.2;-24.18;1;2 
0;0;Нагр;7185;ПС 110 кВ Птицефабрика 1СШ 110;110;1;4.6;1.4;;;;;;;;120.29;-23.52;2;5 
0;0;Нагр;7115;ПС 110 кВ Восточная 1СШ 6;6;2;8.5;2.7;;;;;;;;6.22;-24.22;3;9 
0;0;Нагр;7137;отп.Л-101 РЛТ-101;110;0;;;;;;;;;;121.05;-22.6;; 
0;0;Нагр;7325;Якутская ТЭЦ 2СШ-6 ;6;2;1.7;1;;;6.4;;;;;6.2;-24.18;1;2 
0;0;Нагр;7171;отп. Л-105 на ПС 110 кВ Набережная;110;0;;;;;;;;;;120.61;-23.12;; 
0;0;Нагр;7113;ПС 110 кВ Восточная 1СШ 110;110;0;;;;;;;;;;121.2;-22.42;; 
0;0;Нагр;7112;ПС 110 кВ Восточная 2СШ 110;110;0;;;;;;;;;;121.19;-22.41;; 
0;0;Нагр;7191;ПС 110 кВ Борогонцы;110;1;10.6;3.8;;;;;;;;112.88;-32.18;4;11 
0;0;Нагр;1353;Партизанская ГPЭС I СШ-110;110;1;51.6;15.5;;;;;;;;118.57;-45.05;18;54 
0;0;Нагр;1123;ПС 220 кВ Горелое ОРУ 110 кВ;110;1;62.6;19.7;;;;;;;;118.53;-41.23;23;66 
0;0;Ген;7200;ПС 110 кВ Эльдикан;110;1;1.5;0.8;;-13;119;-25;-1.3;-967;;119;-49.94;1;2 
0;0;Нагр;7203;ПС 110 кВ Джебарики;110;1;2.5;0.7;;;;;;;;110.74;-47.91;1;2 
0;0;Нагр;7321;Якутская ГРЭС 1СШ ;110;0;;;;;;;;;;121.28;-22.35;; 
0;0;Нагр;7148;ПС 110 кВ Бердигестях;110;1;4.3;0.7;;;;;;;;120.94;-24.43;1;5 
0;0;Нагр;7178;отп. Л-105 на ПС 110 кВ Южная;110;0;;;;;;;;;;120.36;-23.43;; 
0;0;Нагр;7181;ПС 110 кВ Набережная 1СШ 110;110;1;9.8;2.7;;;;;;;;120.6;-23.13;3;10 
0;0;Нагр;7182;ПС 110 кВ Набережная 2СШ 110;110;1;10;2.5;;;;;;;;120.63;-23.11;3;11 
0;0;Нагр;7183;ПС 110 кВ ДСК 1СШ 110;110;1;4.1;0.9;;;;;;;;120.46;-23.3;1;4 
0;0;Нагр;7184;ПС 110 кВ ДСК 2СШ 110;110;1;2.8;1.1;;;;;;;;120.49;-23.27;1;3 
0;0;Нагр;6510;ПС 220 кВ Айхал СК_1;10;0;;;;8;;-8;15;;;11.17;-62.77;; 
0;0;Нагр;6511;ПС 220 кВ Айхал СК_2;10;0;;;;8;;-8;15;;;11.17;-62.77;; 
0;0;Нагр;7197;ПС 110 кВ Усть Мая;110;1;1.8;0.9;;;;;;;;118.35;-49.79;1;2 
0;0;Нагр;7201;ПС 110 кВ Хандыга;110;1;7.5;2.2;;;;;;;;110.99;-47.64;2;7 
0;0;Нагр;7114;ПС 110 кВ Восточная 2СШ 6;6;2;11.8;2.7;;;;;;;;6.2;-24.43;3;12 
0;0;Нагр;7155;ПС 110 кВ Южная 2СШ 110;110;1;1;0.6;;;;;;;;120.36;-23.43;1;1 
0;0;Нагр;7193;ПС 110 кВ Сулгачи;110;1;11.3;5.1;;;;;;;;113.79;-45.21;5;12 
0;0;Нагр;7130;ПС 110 кВ Северная 1СШ-110;110;1;9.5;0.7;;;;;;;;121.28;-22.35;1;10 
0;0;Нагр;7131;ПС 110 кВ Северная 2СШ-110;110;1;6.7;2.6;;;;;;;;121.28;-22.35;3;7 
0;0;Нагр;7126;ПС 110 кВ Центральная 1СШ 110;110;1;23.4;2.8;;;;;;;;120.89;-22.61;3;25 
0;0;Нагр;7125;ПС 110 кВ Центральная 2СШ 110;110;1;18.8;4.3;;;;;;;;120.91;-22.55;5;20 
0;0;Нагр;7195;ПС 110 кВ Ытык-Кюель;110;1;8.5;2.7;;;;;;;;111.91;-44.79;3;9 
0;0;Ген+;7192;ПС 110 кВ Чурапча;110;1;10;3.5;;-1.3;118;-25;-1.3;;;113.1;-42.05;4;10 
0;0;Нагр;7154;ПС 110 кВ Южная 1СШ 110;110;1;5.2;1.7;;;;;;;;120.39;-23.4;2;6 
0;0;Нагр;7151;ПС 110 кВ Магарассы;110;1;0.3;;;;;;;;;121.73;-23.58;; 
0;0;Нагр;7146;ПС 110 кВ Дачная;110;1;0.2;;;;;;;;;121.5;-22.47;; 
0;0;Нагр;7149;ПС 110 кВ Кангалассы;110;1;6.5;1.8;;;;;;;;119.84;-23.09;2;7 
0;0;Нагр;7144;ПС 110 кВ Радиоцентр 1СШ 110;110;1;5.1;2.7;;;;;;;;120.57;-22.76;3;5 
0;0;Нагр;7147;ПС 110 кВ Радиоцентр 2СШ 110;110;1;6.9;2.1;;;;;;;;120.21;-22.94;2;7 
0;0;Нагр;7156;ПС 110 кВ Табага 2СШ-110 ;110;1;4.1;-2.2;;;;;;;;119.74;-24.82;-3;4 
0;0;Нагр;7157;ПС 110 кВ Табага 1СШ-110 ;110;1;14.1;2.1;;;;;;;;119.74;-24.82;2;15 
0;0;Нагр;7186;ПС 110 кВ Птицефабрика 2СШ 110;110;0;;;;;;;;;;120.34;-23.48;; 
0;0;Нагр;7140;ПС 110 кВ Хатын Юрях 1СШ-110;110;1;24.8;5.3;;;;;;;;120.86;-22.77;6;26 
0;0;Нагр;7141;ПС 110 кВ Хатын Юрях 2СШ-110;110;1;11.1;3.7;;;;;;;;120.98;-22.65;4;12 
0;0;Нагр;3626;Свободненская ТЭС 3 СШ 220 кВ и 4 СШ 220 кВ;220;0;;;;;;;;;;237.38;-16.21;; 
0;0;Нагр;3625;Свободненская ТЭС 1 СШ 220 кВ и 2 СШ 220 кВ;220;1;5.6;0.1;;;;;;;;235.15;-15.62;;6 
1;1;Нагр;3326;Свободненская ТЭС 3 СШ 110 кВ и 4 СШ 110 кВ;110;0;;;;;;;;;;;;; 
1;1;Нагр;3325;Свободненская ТЭС 1 СШ 110 кВ и 2 СШ 110 кВ;110;0;;;;;;;;;;;;; 
0;0;Нагр;4133;ПС 220 кВ Томмот 2 С 10;10;0;;;;;;-20;20;;;11.11;-38.56;; 
0;0;Нагр;4128;ПС 220 кВ Томмот АТ-2;220;0;;;;;;;;;;231.55;-38.56;; 
0;0;Нагр;4129;ПС 220 кВ Томмот АТ-1;220;0;;;;;;;;;;231.54;-38.56;; 
0;0;Ген+;4130;ПС 220 кВ Томмот КРУЭ-220 кВ;220;0;;;;-5;235;-100;-5;;;231.81;-37.62;; 
0;0;Нагр;6553;ПС 110 кВ Нюрба 1с 35 кВ;35;70622;6;0.9;;;;;;-8163;;35.51;-87.06;1;6 
0;0;Нагр;6554;ПС 110 кВ Нюрба 2с 35 кВ;35;70622;17.1;4.8;;;;;;;;35.21;-90.99;5;17 
1;1;Нагр;4136;ПС 110 кВ Комсомольская 1С;110;1;;;;;;;;;;;;; 
1;1;Нагр;4135;отп.2 на ПС 110 кВ Комсомольская;110;0;;;;;;;;;;;;; 
0;0;Нагр;3491;ПС 220 кВ Створ отп.;220;0;;;;;;;;;;240.25;-7.68;; 
0;0;Нагр;3492;ПС 220 кВ Створ;220;1;1.5;0.1;;;;;;;;240.25;-7.68;;2 
0;0;Нагр;4310;ПС 220 кВ НПС-19 2С-220;220;1;13.3;3.9;;;;;;;;235.66;-23.49;4;14 
0;0;Нагр;4309;ПС 220 кВ НПС-19 1С-220;220;1;7.6;1.9;;;;;;;;235.72;-23.47;2;8 
0;0;Нагр;3479;ПС 220 кВ Восточная;220;1;0.8;1.1;;;;;;;;234.71;-16.51;1;1 
0;0;Нагр;3478;ПС 220 кВ ГПП;220;1;4.3;0.2;;;;;;;;234.71;-16.55;;4 
0;0;Нагр;3542;ПС 500 кВ Амурская 2СШ-220 кВ;220;1;25.2;14.3;;;;;;;;235.51;-14.47;16;26 
0;0;Нагр;3146;ПС 110 кВ Северная 1С-110 кВ;110;1;3.3;0.1;;;;;;;;118.39;-11.61;;3 
0;0;Нагр;3143;ПС 110 кВ Северная 2С-110 кВ;110;1;9.4;2.2;;;;;;;;118.36;-11.61;3;10 
0;0;Нагр;3410;ПС 220 кВ НПС-20;220;1;35.6;2.8;;;;;;;;226.09;-27.26;3;36 
0;0;Нагр;3536;ПС 500 кВ Амурская 7С 500;500;0;;;;;;;;653;2;502.26;-13.69;; 
0;0;Нагр;3508;Зейская ГЭС Р-Ам. 2;500;0;;;;;;;;653;2;508.81;-8.89;; 
0;0;Нагр;3624;ПС 220 кВ НПС-24;220;1;10.4;0.2;;;;;;;;234.36;-17.57;;11 
0;0;Нагр;8703;ПС 500 кВ Хэйхэ;500;0;750;-50;;;;;;;;502.16;-22.65;-50;750 
0;0;Ген+;3535;ПС 500 кВ Амурская 6С 500;500;0;;;;-9;505;-180;-9;;;502.26;-13.69;; 
0;0;Нагр;4619;ПС 220 кВ НПС-16 1С-220;220;1;12;3;;;;;;;;228;-43.77;3;12 
0;0;Нагр;4620;ПС 220 кВ НПС-16 2С-220;220;1;23.4;6.8;;;;;;;;226.84;-44.19;7;24 
0;0;Нагр;4614;отп.2 ПС 220 кВ НПС-16;220;0;;;;;;;;;;226.85;-44.18;; 
0;0;Нагр;4613;отп.1 ПС 220 кВ НПС-16;220;0;;;;;;;;;;228.01;-43.77;; 
0;0;Нагр;4618;ПС 220 кВ НПС-18 1 СШ 220;220;1;17;4.8;;;;;;;;231.46;-32.58;5;18 
0;0;Нагр;3564;Бурейская ГЭС т.с. В1-500 В2-500;500;0;;;;;;;;;;507.38;-3.76;; 
0;0;Нагр;3565;Бурейская ГЭС т.с. В2-500 В3-500;500;0;;;;;;;;653;1;507.38;-3.76;; 
0;0;Нагр;3551;Бурейская ГЭС Ш-АТ-220;220;0;;;;;;;;;;236.64;-4.47;; 
0;0;Нагр;3552;Бурейская ГЭС 2C-220;220;0;;;;;;;;;;236.64;-4.47;; 
0;0;Нагр;3553;Бурейская ГЭС 1C-220;220;0;;;;;;;;;;236.64;-4.47;; 
0;0;База;3511;Бурейская ГЭС ГА1;16;2;1.2;0.3;231.4;28.2;15.5;-195.6;210.7;;;15.5;;;1 
0;0;Нагр;3512;Бурейская ГЭС ГА2;16;2;2;0.1;;;15.2;;;;;15.38;-4.51;;2 
0;0;Ген;3513;Бурейская ГЭС ГА3;16;0;;;300;10.2;15.2;-182.3;188.6;;;15.2;3.05;; 
0;0;Ген;3514;Бурейская ГЭС ГА4;16;0;;;300;10.3;15.2;-182.3;188.6;;;15.2;3.07;; 
0;0;Ген;3515;Бурейская ГЭС ГА5;16;0;;;300;10.5;15.2;-182.3;188.6;;;15.2;3.12;; 
0;0;Ген;3516;Бурейская ГЭС ГА6;16;2;1.3;;300;10.2;15.2;-182.3;188.6;;;15.2;3.13;;1 
0;0;Нагр;3423;ПС 220 кВ БАМ/Т;220;1;28.6;25.6;;;;;;;;220.46;-29.5;26;29 
0;0;Нагр;3534;ПС 500 кВ Амурская ср.т. АТ-2;500;0;;;;;;;;;;501.97;-14.55;; 
0;0;Нагр;3424;ПС 220 кВ Уруша/т;220;1;28;29;;;;;;;;219.26;-31.3;29;28 
1;1;Нагр;3426;ПС 220 кВ Сгибеево/т;220;0;;;;;;;;;;;;; 
0;0;Нагр;3425;ПС 220 кВ Большая Омутная/т;220;1;29.6;25.7;;;;;;;;219.75;-33.09;26;30 
0;0;Нагр;3427;ПС 220 кВ Ерофей Павлович/т;220;1;16;14.9;;;;;;;;220.82;-33.6;15;16 
0;0;Нагр;3429;ПС 220 кВ Аячи/т;220;1;6.6;5;;;;;;;;222.34;-34.08;5;7 
0;0;Нагр;8700;ПС 110 кВ Хэйхэ;110;1;35.6;9.4;;;;;;;;117;-13.21;10;37 
0;0;Нагр;3533;ПС 500 кВ Амурская ср.т. АТ-1;500;0;;;;;;;;;;501.97;-14.54;; 
0;0;Нагр;3413;ПС 220 кВ Уландочка;220;1;;0.1;;;;;;;;235.83;-19.58;; 
0;0;Нагр;3431;ПС 220 кВ Талдан/т 1С-220;220;1;8.5;13.7;;;;;;;;224.81;-24.02;14;9 
0;0;Нагр;1207;ПС 110 кВ Приозерная;110;1;0.8;0.3;;;;;;;;112.33;-48.47;;1 
0;0;Нагр;3432;ПС 220 кВ Талдан/т 2С-220;220;1;8.5;0.1;;;;;;;;223.75;-25.86;;9 
0;0;Нагр;3435;ПС 220 кВ Гонжа/т ;220;1;14;25;;;;;;;;226.52;-21.88;26;14 
1;1;Нагр;4134;отп.1 на ПС 110 кВ Комсомольская;110;0;;;;;;;;;;;;; 
0;0;Нагр;60305003;ПС 220 кВ Чара;220;1;11;2.7;;;;;;225;;212.84;-35.04;3;11 
0;0;Нагр;3439;ПС 220 кВ Сулус/т;220;1;25.1;14.3;;;;;;;;231.11;-18.88;16;26 
0;0;Нагр;4101;ПС 110 кВ Малый Нимныр;110;1;0.2;0.1;;;;;;;;117.53;-25.56;; 
0;0;Нагр;4103;ПС 110 кВ Большой Нимныр;110;1;0.3;0.3;;;;;;;;116.06;-29.92;; 
0;0;Нагр;4105;ПС 110 кВ Юхта;110;1;0.1;0.2;;;;;;;;115.58;-31.79;; 
0;0;Нагр;4106;ПС 110 кВ Лебединый;110;1;3.1;0.2;;;;;;;;114.94;-35.31;;3 
0;0;Нагр;4122;ПС 220 кВ Нижний Куранах 2С-110 кВ;110;0;;;;;;;;;;115.53;-38.1;; 
0;0;Нагр;4121;ПС 220 кВ Нижний Куранах 1С-110 кВ;110;0;;;;;;;;;;115.53;-38.1;; 
0;0;Нагр;4131;ПС 220 кВ Томмот КРУЭ-110 кВ;110;1;16.6;0.9;;;;;;;;118.14;-38.44;1;17 
0;0;Нагр;4107;ПС 110 кВ Верхний Куранах отп.;110;0;;;;;;;;;;115.38;-37.48;; 
0;0;Нагр;4115;ПС 110 кВ Дежневская 1С;110;1;4.7;0.4;;;;;;;;119.71;-19.89;;5 
0;0;Нагр;4108;ПС 110 кВ Верхний Куранах;110;1;4.1;0.7;;;;;;;;115.39;-38.17;1;4 
0;0;Нагр;4603;ПС 220 кВ Нижний Куранах ср.т. АТ-1;220;0;;;;;;;;;;215.84;-38.05;; 
0;0;Нагр;4311;Нерюнгринская ГРЭС 1СШ-220;220;0;;;;;;;;;;235.91;-23.34;; 
0;0;Нагр;4318;Нерюнгринская ГРЭС 2СШ-110;110;0;;;;;;;;;;120.52;-19.05;; 
0;0;Нагр;4317;Нерюнгринская ГРЭС 1СШ-110;110;0;;;;;;;;;;120.52;-19.05;; 
0;0;Нагр;4322;Чульманская ТЭЦ 2СШ-110;110;1;2.7;2.6;;;;;;;;119.26;-20.36;3;3 
0;0;Нагр;4321;Чульманская ТЭЦ 1СШ-110;110;1;4.2;5.2;;;;;;;;119.26;-20.36;6;4 
0;0;Нагр;4801;ПС 220 кВ Нижний Куранах 1С-35 кВ;35;2;7;3.3;;;;;;13493;;33.11;-39.62;3;7 
0;0;Нагр;4602;ПС 220 кВ Нижний Куранах 2С-220 кВ;220;0;;;;;;;;;;229.82;-37.94;; 
0;0;Нагр;4601;ПС 220 кВ Нижний Куранах 1С-220 кВ;220;0;;;;;;;;;;229.82;-37.94;; 
0;0;Нагр;4617;ПС 220 кВ НПС-17 2С-220;220;1;11;3.2;;;;;;;;230.33;-36.05;4;11 
0;0;Нагр;4616;отп.2 ПС 220 кВ НПС-17;220;0;;;;;;;;;;230.35;-36.04;; 
0;0;Нагр;4615;отп.1 ПС 220 кВ НПС-17;220;0;;;;;;;;;;230.04;-36.17;; 
0;0;Нагр;4116;ПС 110 кВ Угольная 1С;110;1;1.3;0.1;;;;;;;;118.99;-21.31;;1 
0;0;Нагр;4117;ПС 110 кВ Хатыми;110;1;0.2;0.1;;;;;;;;118.24;-23.62;; 
0;1;Нагр;4327;Чульманская ТЭЦ ТГ 7;6;1;1.4;2.2;;;6.3;;;;;;;; 
0;0;Ген-;4326;Чульманская ТЭЦ ТГ 6;6;2;1.4;1.9;1.2;-4.6;6.3;-4.6;11.2;;;6.54;-20.34;2;1 
0;1;Нагр;4325;Чульманская ТЭЦ ТГ 5;6;2;1.4;1.4;;;6.3;;;;;;;; 
0;0;Ген-;4323;Чульманская ТЭЦ ТГ 3;6;2;1.4;1.7;5;-4;6.3;-4;11;;;6.44;-18.09;2;1 
0;0;Нагр;4315;Нерюнгринская ГРЭС 1С-35;35;2;7.4;5.1;;;;;;;;38.59;-19.28;7;8 
0;0;Ген;4301;Нерюнгринская ГРЭС Блок 1;16;2;13;14;200;45.6;15.9;-14.3;141.3;;;15.9;-13.96;14;13 
0;0;Ген;4302;Нерюнгринская ГРЭС Блок 2;16;2;0.9;;175;34;15.9;-36.7;151.4;;;15.9;-14.94;;1 
0;0;Ген;4303;Нерюнгринская ГРЭС Блок 3;16;2;12;8.4;175;42.7;15.6;-36.7;151.4;;;15.6;-18.72;8;12 
0;0;Нагр;4313;Нерюгринская ГРЭС ср.т.2АТ ;220;0;;;;;;;;;;233.54;-18.82;; 
0;0;Нагр;4300;Нерюгринская ГРЭС ср.т.1АТ ;220;0;;;;;;;;;;233.52;-18.61;; 
0;0;Нагр;3210;ПС 220 кВ Февральская ОРУ 110 кВ;110;1;1.8;;;;;;;;;125.27;-22.66;;2 
0;0;Нагр;3211;ПС 220 кВ Февральская ср.т. АТ-1;220;0;;;;;;;;;;230.13;-22.84;; 
0;0;Нагр;3212;ПС 220 кВ Февральская ср.т. АТ-2;220;0;;;;;;;;;;229.94;-22.63;; 
0;0;Нагр;3301;Райчихинская ГРЭС ОРУ 220 кВ;220;0;;;;;;;;;;237.49;-9.66;; 
0;0;Нагр;3477;ПС 220 кВ Хвойная ОРУ 220 кВ;220;0;;;;;;;;;;236.44;-11;; 
0;0;Нагр;3484;ПС 220 кВ НПС-27;220;1;7.7;1;;;;;;;;238.11;-9.31;1;8 
0;0;Нагр;3471;ПС 220 кВ Белогорск 1С-220 кВ;220;1;33.3;4.3;;;;;;;;235.58;-13.54;5;35 
0;0;Нагр;3541;ПС 500 кВ Амурская 1СШ-220 кВ;220;1;21.9;9.1;;;;;;;;235.51;-14.47;10;23 
0;0;Нагр;3414;ПС 220 кВ Новокиевка;220;0;;;;;;;;;;237.58;-18.06;; 
0;0;Нагр;3463;ПС 220 кВ Ледяная;220;1;13.2;4;;;;;;;;234.71;-16.51;4;14 
0;0;Нагр;3458;ПС 220 кВ Шимановск;220;1;11.9;4.3;;;;;;;;234.62;-17.01;5;12 
1;1;Нагр;3452;ПС 220 кВ Строительная;220;0;;;;;;;;;;;;; 
0;0;Нагр;3451;ПС 220 кВ Сиваки ОРУ 220 кВ;220;1;2.6;0.2;;;;;;;;234.38;-17.8;;3 
0;0;Нагр;3442;ПС 220 кВ Ключевая 2С-220 кВ;220;0;;;;;;;;;;232.57;-18.17;; 
0;0;Нагр;3441;ПС 220 кВ Ключевая 1С-220 кВ;220;0;;;;;;;;;;232.57;-18.17;; 
0;0;Нагр;3510;Зейская ГЭС Ш-АТ-220;220;0;;;;;;;;;;244.5;-10.61;; 
0;0;Нагр;3521;Зейская ГЭС 1C-220;220;0;;;;;;;;;;244.5;-10.61;; 
0;0;Нагр;3522;Зейская ГЭС 2C-220;220;1;19.5;2.6;;;;;;;;244.5;-10.61;3;21 
0;0;Нагр;3438;ПС 220 кВ Магдагачи 2С-220 кВ;220;1;9.7;11.8;;;;;;;;229.93;-19.7;13;10 
0;0;Нагр;3437;ПС 220 кВ Магдагачи 1С-220 кВ;220;1;18.2;13.5;;;;;;;;229.93;-19.7;15;19 
0;0;Ген+;3421;ПС 220 кВ Сковородино 1С-220 кВ;220;0;;;;-5;222.5;-100;-5;;;222;-28.31;; 
0;0;Нагр;3422;ПС 220 кВ Сковородино 2С-220 кВ;220;0;;;;;;;;;;222;-28.31;; 
0;0;Нагр;3401;ПС 220 кВ Тында 1С-220;220;0;;;;;;;;;;226.29;-27.09;; 
0;0;Нагр;4307;ПП 220 кВ Нагорный;220;0;;;;;;;;;;232.58;-25.15;; 
0;0;Нагр;3443;ПС 220 кВ Светлая 1СШ;220;1;31.9;5;;;;;;;;243.69;-11.08;6;34 
0;0;Нагр;3485;ПС 220 кВ Тарманчукан/т СШ1-220;220;1;6.4;4.6;;;;;;;;236.41;-12.03;5;7 
0;0;Нагр;8702;ПС 220 кВ Айгунь;220;1;29;10.1;;;;;;;;233.97;-13;11;30 
0;0;Нагр;3487;ПС 220 кВ Ядрин/т;220;1;13.7;14;;;;;;;;235.22;-13.35;16;14 
0;0;Нагр;3445;ПС 220 кВ Энергия 1С-220 кВ;220;1;15.1;4.4;;;;;;;;244.18;-10.79;5;16 
0;0;Нагр;3446;ПС 220 кВ Энергия 2С-220 кВ;220;1;15.1;4.4;;;;;;;;244.19;-10.78;5;16 
0;0;Нагр;3465;ПС 220 кВ Благовещенская 1С-220 кВ;220;0;;;;;;;;;;234.27;-12.83;; 
0;0;Нагр;3470;ПС 220 кВ Свободный;220;1;11.8;5.6;;;;;;;;235.34;-14.47;6;12 
0;0;Нагр;3483;ПС 220 кВ Архара;220;1;21.8;14.7;;;;;;;;237.99;-10.08;17;23 
0;0;Нагр;3461;ПС 220 кВ Ледяная/т 1С-220;220;1;4.4;5;;;;;;;;235.15;-15.62;6;5 
0;0;Ген;3412;ПС 220 кВ Февральская 2С-220 кВ;220;0;;;;-62;232.5;-63;-3.1;;;232.55;-20.78;; 
0;0;Нагр;2551;ПС 500 кВ Комсомольская ОРУ-110 кВ;110;1;13.9;1.9;;;;;;;;121.05;-6.04;2;15 
0;0;Нагр;2611;ПС 220 кВ ГПП-4 2сек.220 ;220;1;84.9;5.1;;;;;;;;240.18;-10.3;6;90 
0;0;Нагр;2564;ПС 500 кВ Хехцир 2 ОРУ-500 кВ Е4;500;0;;;;;;;;;;511.81;-16.78;; 
0;0;Нагр;2563;ПС 500 кВ Хехцир 2 ОРУ-500 кВ Е2, Е3;500;0;;;;;;;;;;511.8;-16.78;; 
0;0;Ген;2324;Амурская ТЭЦ-1 ТГ № 4;6;1;2.1;1.7;60;20.1;6.5;15;48.4;;;6.46;2.32;2;2 
0;0;Ген;2325;Амурская ТЭЦ-1 ТГ № 5;11;2;7.2;5.1;80;27.2;10.9;25;83;;;10.92;-0.59;6;7 
0;0;Нагр;2561;ПС 500 кВ Хехцир 2 ОРУ-500 кВ Е1;500;0;;;;;;;;;;511.8;-16.78;; 
0;0;Нагр;2341;Комсомольская ТЭЦ-1 ТГ № 1;6;2;2.1;1.6;;;;;;;;6.32;-6.51;2;2 
0;0;Нагр;2451;ПС 220 кВ Розенгартовка/т;220;1;5.8;3.8;;;;;;;;241.04;-20.83;5;6 
0;0;Нагр;2453;ПС 220 кВ Бикин/т;220;1;16;10.8;;;;;;;;240.8;-21.92;13;17 
0;0;Нагр;2278;Амурская ТЭЦ-1 1 секция 35кВ;35;2;8.9;2.8;;;;;;;;36.5;-3.14;3;9 
0;0;Нагр;2345;Комсомольская ТЭЦ-1 ОРУ 35 кВ;35;2;10;3.5;;;;;;;;38.33;-6.71;4;11 
0;0;Нагр;2350;Комсомольская ТЭЦ-2 35 кВ;35;2;4.1;1.6;;;;;;;;36.43;-5.65;2;4 
0;0;Нагр;2870;ПС 35 кВ Терминал;35;2;7.6;4.3;;;;;;;;36.26;-13.64;5;8 
0;0;Нагр;2402;ПС 220 кВ НПС-30;220;1;20.2;2.3;;;;;;;;235.18;-13.63;3;21 
0;0;Нагр;2447;ПС 220 кВ Аван/т 1СШ;220;1;5.7;3.6;;;;;;;;240.35;-19.94;4;6 
0;0;Нагр;2448;ПС 220 кВ Аван/т 2СШ;220;1;5.7;1.8;;;;;;;;240.35;-19.94;2;6 
1;1;Нагр;2619;ПС 220 кВ Тумнин;220;0;;;;;;;;;;;;; 
0;0;Нагр;2617;ПС 220 кВ Уктур;220;1;1;0.1;;;;;;;;243;-10.22;;1 
0;0;Нагр;2160;ПС 220 кВ Ванино с.т.2АТ;220;0;;;;;;;;;;240.62;-11.82;; 
0;0;Нагр;2652;ПС 220 кВ НПС-2 2С 220 кВ;220;1;0.8;0.8;;;;;;;;235.87;-11.57;1;1 
0;0;Нагр;2609;ПС 220 кВ НПС-3;220;1;1.7;1.7;;;;;;;;240.27;-10.58;2;2 
0;0;Нагр;2321;Амурская ТЭЦ-1 ТГ № 1;6;1;3.9;2;;;6.3;;;;;6.3;-2.9;2;4 
0;0;Нагр;2608;ПС 220 кВ НПС-2 1С 220 кВ;220;1;0.7;0.7;;;;;;1281;4;235.87;-11.57;1;1 
0;0;Нагр;2607;ПС 220 кВ НПС-1;220;1;1.7;1.4;;;;;;;;236.4;-12.44;2;2 
0;0;Нагр;2612;ПС 220 кВ ГПП-4 1сек.220;220;1;;;;;;;;;;240.87;-9.31;; 
0;0;Нагр;2322;Амурская ТЭЦ-1 ТГ № 2;6;2;3;2;;;6.3;;;;;6.32;-2.57;2;3 
0;0;Нагр;2101;ПС 110 кВ Бикин;110;1;13.1;4.8;;;;;;;;116.14;-24.27;5;14 
0;0;Нагр;2352;Комсомольская ТЭЦ-2 с.т.2Т;110;0;;;;;;;;;;114.93;-5.27;; 
0;0;Нагр;2348;Комсомольская ТЭЦ-1 с.т.С3Т;110;0;;;;;;;;;;115.83;-6.35;; 
0;0;Нагр;2328;Амурская ТЭЦ-1 с.т.2Т;110;0;;;;;;;;;;115.18;-2.53;; 
0;0;Нагр;2327;Амурская ТЭЦ-1 с.т.1Т;110;0;;;;;;;;;;115.21;-2.55;; 
0;0;Нагр;2419;ПС 220 кВ Амур;220;1;0.4;;;;;;;;;238.19;-14.86;; 
0;0;Нагр;2401;ПС 220 кВ Облучье;220;1;4.8;2.9;;;;;;;;235.23;-13.59;3;5 
0;0;Нагр;2635;ПС 220 кВ Этеркан ОРУ-220 кВ;220;0;;;;;;;;;;235.28;-20.13;; 
0;0;Нагр;2225;ПС 110 кВ Привокзальная 2c-110;110;1;5.8;2.3;;;;;;;;121.34;-5.52;3;6 
0;0;Нагр;2230;ПС 110 кВ Хурба;110;1;4.9;3.6;;;;;;;;121.83;-5.29;4;5 
0;0;Нагр;2203;ПС 110 кВ НПЗ;110;1;24.3;6.3;;;;;;;;120.6;-6.44;7;26 
0;0;Нагр;2323;Амурская ТЭЦ-1 ТГ № 3;6;2;2;1.9;;;6.3;;;;;6.32;-2.55;2;2 
0;0;Нагр;2201;ПС 220 кВ Старт 1СШ 110 кВ;110;1;0.2;0.1;;;;;;;;121.57;-6.41;; 
0;0;Нагр;2204;ПС 110 кВ Байкальская 2c-110 ;110;1;2.7;2.2;;;;;;;;120.65;-6.35;3;3 
0;0;Нагр;2205;ПС 220 кВ Парус ОРУ-110 кВ;110;1;1.2;0.2;;;;;;;;121.2;-5.8;;1 
0;0;Нагр;2208;отп. Парус;110;0;;;;;;;;;;121.22;-5.78;; 
0;0;Нагр;2625;ПС 220 кВ Ванино ОРУ-220 кВ;220;0;;;;;;;;;;243.91;-11.32;; 
0;0;Нагр;2360;Майская ГРЭС II С.Ш.;35;2;;;;;;;;;;36.78;-12.65;; 
0;0;Нагр;2228;ПС 110 кВ КНПЗ-2;110;0;;;;;;;;;;121.67;-4.75;; 
0;0;Нагр;2335;Комсомольская ТЭЦ-3 ЗРУ 110кВ;110;0;;;;;;;;;;121.67;-4.75;; 
0;0;Ген;2331;Комсомольская ТЭЦ-3 Блок 1;16;2;14.1;10.7;140;5;15.8;-57;166.7;;;15.8;-1.8;11;14 
0;0;Ген;2332;Комсомольская ТЭЦ-3 Блок 2;16;2;3.9;3.3;140;-2.1;15.8;-92.6;166.5;;;15.8;-1.53;3;4 
0;0;Нагр;2220;ПС 110 кВ ГПП-5;110;1;18.3;5.3;;;;;;;;121.46;-5.29;6;20 
0;0;Нагр;2605;ПС 220 кВ Парус ОРУ-220 кВ;220;0;;;;;;;;;;241.29;-8.56;; 
0;0;Нагр;2601;ПС 220 кВ Старт 1С 220 кВ;220;0;;;;;;;;;;240.76;-9.11;; 
0;0;Нагр;2626;ПС 220 кВ Горин ОРУ-220 кВ;220;0;;;;;;;;;;238.82;-10.7;; 
0;0;Нагр;2826;ПС 220 кВ Горин ОРУ-35 кВ;35;2;4.6;0.7;;;;;;13493;81;32.71;-11.85;1;4 
0;0;Нагр;2627;ПС 220 кВ Березовая ОРУ-220 кВ;220;0;;;;;;;;;;236.48;-13.33;; 
0;0;Нагр;2628;ПС 220 кВ Джамку ОРУ-220 кВ;220;0;;;;;;;;;;235.54;-15.44;; 
0;0;Нагр;2631;ПС 220 кВ Ургал ОРУ-220 кВ;220;0;;;;;;;;;;234.67;-19.14;; 
0;0;Нагр;2613;ПС 220 кВ Селихино ОРУ-220 кВ ;220;0;;;;;;;;;;243.09;-9.77;; 
0;0;Нагр;2621;ПС 220 кВ Высокогорная ОРУ-220 кВ;220;0;;;;;;;;;;241.69;-10.53;; 
0;0;Нагр;2821;ПС 220 кВ Высокогорная ОРУ-35 кВ;35;2;4.8;0.9;;;;;;26716;158;34.95;-11.09;1;5 
0;0;Нагр;2329;Амурская ТЭЦ-1 ЗРУ 110кВ;110;1;13.3;4;;;;;;;;123.74;-3.86;5;14 
0;0;Нагр;2835;ПС 220 кВ Этеркан ОРУ-35 кВ;35;2;4;1.8;;;;;;;;36.74;-21.24;2;4 
0;0;Нагр;2629;ПС 220 кВ Сулук ОРУ-220 кВ;220;0;;;;;;;;;;234.7;-17.69;; 
0;0;Нагр;2829;ПС 220 кВ Сулук ОРУ-35 кВ;35;2;2.4;0.5;;;;;;13493;81;32.89;-18.23;;2 
0;0;Нагр;2417;ПС 220 кВ РЦ 1С 220 кВ;220;0;;;;;;;;;;237.92;-14.91;; 
0;0;Нагр;2415;ПС 220 кВ Волочаевка/т;220;1;23.3;6.8;;;;;;;;237.18;-14.41;8;24 
0;0;Нагр;2411;ПС 220 кВ Биробиджан;220;1;69.8;15.7;;;;;;;;234.97;-14.88;18;73 
0;0;Нагр;2404;ПС 220 кВ Центральная 1СШ 220;220;1;16.9;6.3;;;;;;;;234.79;-14.47;7;18 
0;0;Нагр;2641;ПС 220 кВ Лондоко ОРУ-220 кВ;220;1;22.3;11.1;;;;;;;;234.89;-14.95;13;23 
0;0;Нагр;2221;ПС 110 кВ К;110;1;7.3;2.3;;;;;;;;121.41;-5.5;3;8 
0;0;Нагр;2117;ПС 220 кВ РЦ 1С 110 кВ;110;1;57.5;12.6;;;;;;;;119.85;-18.05;15;61 
0;0;Нагр;2118;ПС 220 кВ РЦ 2С 110 кВ;110;1;34.1;11.4;;;;;;;;119.85;-18.05;13;36 
0;0;Нагр;2638;ПС 220 кВ Кульдур;220;1;1;0.4;;;;;;;;235.79;-15.52;;1 
0;0;Нагр;2820;ПС 220 кВ Князе-Волконка ОРУ-35 кВ;35;2;17.5;2.5;;;;;;;;38.92;-21.29;3;19 
0;0;Нагр;2445;ПС 220 кВ Гидролизная;220;1;4.5;1.8;;;;;;;;239.02;-18.06;2;5 
0;0;Нагр;2121;ПС 110 кВ Ц 1С 110 ;110;0;;;;;;;;;;118.65;-18.5;; 
0;0;Нагр;2161;ПС 110 кВ Ц 2С 110 ;110;0;;;;;;;;;;118.77;-18.43;; 
0;0;Нагр;2172;ПС 110 кВ НПЗ 2СШ 110 ;110;1;28.7;8;;;;;;;;119.25;-18.43;9;30 
0;0;Нагр;2171;ПС 110 кВ НПЗ 1СШ 110 ;110;1;25.9;9;;;;;;;;119.25;-18.43;10;27 
0;0;Нагр;2174;ПС 110 кВ ХЭС 1С 110 ;110;0;;;;;;;;;;119.14;-18.48;; 
0;0;Нагр;2822;ПС 110 кВ Ц 1 СШ 35 ;35;2;12.3;3.2;;;;;;;;36.47;-20.95;4;13 
0;0;Нагр;2862;ПС 110 кВ Ц 2 СШ 35 ;35;2;7.4;2.9;;;;;;;;36.65;-20;3;8 
0;0;Нагр;2122;ПС 110 кВ Городская 1с 110 ;110;1;18;3.5;;;;;;;;118.46;-18.56;4;19 
0;0;Нагр;2150;ПС 220 кВ Ванино с.т.1АТ;220;0;;;;;;;;;;240.6;-11.82;; 
0;0;Нагр;2347;Комсомольская ТЭЦ-1 ЗРУ 110 кВ;110;0;;;;;;;;;;121.35;-5.5;; 
1;0;Ген;2371;Совгаванская ТЭЦ ТГ-1;11;0;4.1;1.6;19;1.9;11;-23.7;65.2;;;11;-10.53;2;4 
1;0;Ген;2372;Совгаванская ТЭЦ ТГ-2;11;0;4.1;1.6;19;1.9;11;-23.7;65.2;;;11;-10.54;2;4 
0;0;Нагр;2408;ПС 220 кВ НПС-32;220;1;11.9;;;;;;;;;236.72;-13.62;;13 
0;0;Нагр;3499;ПС 220 кВ НПС-26;220;1;5.2;0.1;;;;;;;;235.63;-13.85;;5 
0;0;Нагр;2251;ПС 220 кВ Ванино ОРУ-110 кВ;110;1;3.3;;;;;;;;;121.56;-11.74;;4 
0;0;Нагр;2152;ПС 220 кВ Ванино ЗРУ-10 кВ;10;0;;;;;;;;;;10.76;-11.78;; 
0;0;Нагр;2153;ПС 220 кВ Ванино 1С-35 кВ;35;0;;;;;;;;;;36.58;-13.41;; 
0;0;Нагр;2154;ПС 220 кВ Ванино 2С-35 кВ;35;2;0.9;0.5;;;;;;;;36.58;-13.41;1;1 
0;0;Нагр;2127;ПС 110 кВ Южная ;110;1;80.5;34.1;;;;;;;;117.57;-18.96;39;84 
0;0;Нагр;2530;ПС 500 кВ Комсомольская ОРУ-500 кВ;500;1;0.3;0.1;;;;;;653;2;512.16;-10.49;; 
0;0;Нагр;2541;ПС 500 кВ Комсомольская 1СШ 220 кВ;220;1;0.5;0.1;;;;;;;;240.99;-9.54;;1 
0;0;Нагр;2115;ПС 110 кВ АК;110;1;32.4;8.9;;;;;;;;117.72;-18.81;10;34 
0;0;Нагр;2113;ПС 110 кВ Корфовская;110;1;26.7;7.8;;;;;;;;117.78;-18.84;9;28 
0;0;Нагр;2111;ПС 110 кВ Гродеково;110;1;8.9;3.6;;;;;;;;116.35;-19.47;4;9 
0;0;Нагр;2109;ПС 110 кВ Хор;110;1;6;1.8;;;;;;;;116.1;-19.59;2;6 
0;0;Нагр;2108;ПС 110 кВ Дормидонтовка;110;1;1;0.2;;;;;;;;113.1;-27.12;;1 
0;0;Нагр;2105;ПС 110 кВ Вяземская;110;1;9.8;1.8;;;;;;;;113.13;-26.97;2;10 
0;0;Нагр;2102;ПС 110 кВ Лермонтовка;110;1;3.6;1.2;;;;;;;;114.82;-25.43;1;4 
0;0;Нагр;2310;Хабаровская ТЭЦ-1 ЗРУ-110 кВ;110;1;51;13.6;;;;;;;;118.05;-18.63;15;54 
0;0;Нагр;2440;ПС 220 кВ НПС-36;220;1;6.3;-2.6;;;;;;;;241.88;-20.33;-3;7 
0;0;Нагр;2423;ПС 220 кВ НПС-34 1С 220 кВ ;220;1;5.2;0.7;;;;;;;;238.88;-15.1;1;5 
0;0;Нагр;2422;отп.2 ПС 220 кВ НПС-34;220;0;;;;;;;;;;238.78;-15.25;; 
0;0;Нагр;2421;отп.1 ПС 220 кВ НПС-34;220;0;;;;;;;;;;238.89;-15.09;; 
0;0;Нагр;2435;ПС 220 кВ Хехцир  КРУН-6 кВ;6;2;0.7;0.2;;;;;;81817;868;6.64;-19.16;;1 
0;0;Нагр;2436;ПС 220 кВ Хехцир КРУН-10 кВ;10;2;1.2;;;;;;;81817;868;10.99;-19.01;;1 
0;0;Ген;2574;ПС 500 кВ Хехцир 2 с.т. УШР;220;0;;;;-75.3;238;-100;-5;;;238;-16.86;; 
0;0;Нагр;2573;ПС 500 кВ Хехцир 2 с.т.АТ ;220;0;;;;;;;;;;238;-16.86;; 
0;0;Нагр;2572;ПС 500 кВ Хехцир 2 2С 220 кВ;220;0;;;;;;;;;;238;-16.86;; 
0;0;Нагр;2571;ПС 500 кВ Хехцир 2 1С 220 кВ;220;1;0.6;0.1;;;;;;;;238;-16.86;;1 
0;0;Нагр;2131;ПС 220 кВ Хехцир 1С 110 кВ;110;0;;;;;;;;;;117.91;-18.79;; 
0;0;Нагр;2132;ПС 220 кВ Хехцир 2С 110 кВ;110;1;8.3;-4.2;;;;;;;;117.91;-18.79;-5;9 
0;0;Нагр;2318;Хабаровская ТЭЦ-3 2СШ-220;220;0;;;;;;;;;;238.96;-14.69;; 
0;0;Нагр;2317;Хабаровская ТЭЦ-3 1СШ-220;220;0;;;;;;;;;;238.96;-14.69;; 
0;0;Нагр;2103;ПС 110 кВ Котиково;110;1;0.8;0.2;;;;;;;;113.82;-26.37;;1 
0;0;Нагр;2319;Хабаровская ТЭЦ-3 ОРУ 110 кВ;110;1;13.4;3.4;;;;;;;;120.94;-17.48;4;14 
0;0;Нагр;2300;Хабаровская ТЭЦ-1 ЗРУ-35 кВ;35;2;32;7.2;;;;;;;;37.46;-20.97;9;34 
0;0;Нагр;2125;ПС 110 кВ ГВФ 1С 110;110;1;9.2;1.9;;;;;;;;120.2;-17.88;2;10 
0;0;Нагр;2424;ПС 220 кВ Восток;220;1;;;;;;;;;;238.62;-15.92;; 
0;0;Нагр;2123;ПС 110 кВ СМР;110;1;65.6;27.2;;;;;;;;119.9;-18;32;70 
0;0;Нагр;2126;ПС 110 кВ ГВФ 2С 110 ;110;1;16.2;4.2;;;;;;;;120.2;-17.88;5;17 
0;0;Нагр;2442;ПС 220 кВ Кругликово/т 2С 220 кВ;220;1;6.4;1.8;;;;;;;;238.39;-17.37;2;7 
0;0;Нагр;2443;ПС 220 кВ Дормидонтовка/т;220;1;4.5;3;;;;;;;;239.08;-18.56;4;5 
0;0;Нагр;2420;ПС 220 кВ Князе-Волконка ОРУ-220 кВ;220;0;;;;;;;;;;238.54;-15.57;; 
0;0;Ген;2309;Хабаровская ТЭЦ-1 ТГ № 9;11;2;11.7;7.7;95;7.7;10;-15;79.7;;;10;-14.01;7;11 
0;0;Нагр;2308;Хабаровская ТЭЦ-1 ТГ № 8;11;2;;;;;10.3;;;;;9.99;-18.63;; 
0;0;Ген;2307;Хабаровская ТЭЦ-1 ТГ № 7;11;2;14.4;11.9;91;56.3;10.6;;69.1;;;10.64;-14.85;12;15 
0;0;Ген;2306;Хабаровская ТЭЦ-1 ТГ № 6;6;2;3.1;3.4;45;26.4;6.2;;52;;;6.2;-15.25;3;3 
0;0;Нагр;2305;Хабаровская ТЭЦ-1 КРУ 6кВ ;6;2;4.7;4;;;;;;;;6.23;-21.48;4;5 
0;0;Ген;2303;Хабаровская ТЭЦ-1 ТГ № 3;6;2;4;3.2;20;14.8;6.3;;22.3;;;6.29;-19.15;3;4 
0;0;Ген;2302;Хабаровская ТЭЦ-1 ТГ № 2;6;2;11.6;8.8;20;21.6;6.4;;22.3;;;6.35;-20.08;9;12 
0;0;Ген;2301;Хабаровская ТЭЦ-1 ТГ № 1;6;2;16.3;4.3;20;0.9;6.4;;22.3;;;6.35;-20.08;4;16 
0;0;Ген;2311;Хабаровская ТЭЦ-3 Блок 1;16;2;24.8;17.8;175;90.8;16.2;-33.5;140;;;16.2;-14.02;19;25 
0;0;Ген;2312;Хабаровская ТЭЦ-3 Блок 2;16;2;13.5;7.2;175;-9.4;15.4;-33.5;140;;;15.4;-10.01;7;13 
0;0;Нагр;2407;ПС 220 кВ Бира/т 2С 220 кВ;220;1;4.9;3.5;;;;;;;;234.97;-14.97;4;5 
0;0;Нагр;2413;ПС 220 кВ Икура/т 1С 220 кВ;220;1;6.8;6.6;;;;;;;;235.39;-14.53;7;7 
0;0;Ген;2525;ПС 500 кВ Хабаровская УШР-220;220;1;;;;-47.3;237;-100;-5;;;237;-13.37;; 
0;0;Нагр;2522;ПС 500 кВ Хабаровская 2СШ 220 кВ;220;1;8.1;4.1;;;;;;;;237;-13.37;5;9 
0;0;Нагр;2521;ПС 500 кВ Хабаровская 1СШ 220 кВ;220;1;8.1;4.1;;;;;;;;237;-13.37;5;9 
0;0;Нагр;2405;ПС 220 кВ Лондоко/т 1С 220 кВ;220;1;4.4;2.3;;;;;;;;234.89;-14.98;3;5 
0;0;Нагр;2403;ПС 220 кВ Кимкан/т 2С 220 кВ;220;1;2.4;1.2;;;;;;;;234.91;-14.25;1;3 
0;0;Нагр;2500;ПС 500 кВ Хабаровская ОРУ-500 кВ Е2;500;0;;;;;;;;;;506.27;-12.4;; 
0;0;Нагр;2501;ПС 500 кВ Хабаровская ОРУ-500 кВ Е1;500;0;;;;;;;;;;506.27;-12.4;; 
0;0;Нагр;2433;ПС 220 кВ Хехцир с.т.1АТ;220;0;;;;;;;;;;234.64;-19.02;; 
0;0;Нагр;2434;ПС 220 кВ Хехцир с.т.2АТ;220;0;;;;;;;;;;233.39;-18.92;; 
0;0;Ген;2313;Хабаровская ТЭЦ-3 Блок 3;16;2;24.8;17;175;79.7;16;-77.9;146.8;;;16;-10.59;18;25 
0;0;Ген;2314;Хабаровская ТЭЦ-3 Блок 4;16;2;12.2;9;175;73.8;16;-77.9;146.8;;;16;-10.37;9;12 
0;1;Нагр;2841;ПС 220 кВ Лондоко ОРУ-35 кВ;35;0;;;;;;;;;;;;; 
0;0;Нагр;2828;ПС 220 кВ Джамку ОРУ-35 кВ;35;2;2.1;-1.3;;;;;;13493;81;33.8;-15.9;-1;2 
0;0;Нагр;2207;ПС 110 кВ Т;110;1;23.3;10;;;;;;;;120.73;-6.25;12;25 
0;0;Нагр;2351;Комсомольская ТЭЦ-2 ЗРУ 110 кВ ;110;0;;;;;;;;;;121.51;-5.44;; 
0;0;Нагр;2827;ПС 220 кВ Березовая КРУН-35 кВ;35;2;8.2;0.1;;;;;;13358;81;33.84;-15.65;;8 
0;0;Нагр;2831;ПС 220 кВ Ургал ОРУ-35 кВ;35;2;15.7;2.7;;;;;;;;38.15;-23.6;3;17 
0;0;Нагр;2643;отп.2 ПС 220 кВ Литовко;220;0;;;;;;;;;;236.82;-12.01;; 
0;0;Нагр;2637;ПС 220 кВ Тырма;220;1;3.1;0.8;;;;;;;;237.1;-17.42;1;3 
0;0;Нагр;2843;ПС 220 кВ Литовко ОРУ-35 кВ;35;2;2.9;0.7;;;;;;13358;79;37.31;-12.69;1;3 
0;0;Нагр;2416;ПС 220 кВ Левобережная;220;1;12.9;4.3;;;;;;;;237.75;-14.73;5;14 
0;0;Нагр;2116;ПС 110 кВ МЖК;110;1;10.8;1.7;;;;;;;;117.98;-18.67;2;11 
0;0;Нагр;2107;ПС 110 кВ Красицкая;110;1;1.2;0.1;;;;;;;;113.11;-27.08;;1 
0;0;Нагр;2542;ПС 500 кВ Комсомольская 2СШ 220 кВ;220;1;;;;;;;;;;240.99;-9.54;; 
0;0;Нагр;2224;ПС 110 кВ Кедровая 2c-110 ;110;1;0.2;0.2;;;;;;;;121.48;-5.54;; 
0;0;Нагр;2223;ПС 110 кВ Кедровая 1c-110;110;1;;;;;;;;;;121.6;-6.42;; 
0;0;Нагр;2211;ПС 110 кВ Северная 1c 110 ;110;1;1;0.3;;;;;;;;121.38;-5.52;;1 
0;0;Нагр;2210;ПС 110 кВ Северная 2c 110 ;110;1;1.7;-0.1;;;;;;;;121.53;-6.56;;2 
0;0;Нагр;2226;ПС 110 кВ Привокзальная 1c-110;110;1;6.6;3.3;;;;;;;;121.34;-5.52;4;7 
0;0;Нагр;2209;ПС 110 кВ КСК 1c-110;110;0;;;;;;;;;;120.93;-6.29;; 
0;0;Нагр;2277;ПС 110 кВ Байкальская 1c-110 ;110;1;1.6;0.8;;;;;;;;120.81;-6.27;1;2 
0;0;Нагр;2276;ПС 110 кВ КСК 2c-110 ;110;1;1.5;1.3;;;;;;;;120.64;-6.44;2;2 
0;0;Нагр;2227;ПС 110 кВ Ручей;110;1;0.3;0.1;;;;;;;;121.34;-5.99;; 
0;0;Нагр;2212;ПС 110 кВ Солнечная;110;1;8.4;2.5;;;;;;;;121.3;-6.16;3;9 
0;0;Нагр;2206;ПС 110 кВ БАМ ПТФ;110;1;1.6;1;;;;;;;;121.62;-5.2;1;2 
0;0;Нагр;2218;ПС 110 кВ Гайтер 2с-110 ;110;1;1;0.8;;;;;;;;120.82;-6.81;1;1 
0;0;Нагр;2202;ПС 220 кВ Старт 2СШ 110 кВ;110;1;1.2;0.3;;;;;;;;121.57;-6.41;;1 
0;0;Нагр;2602;ПС 220 кВ Старт 2С 220 кВ;220;0;;;;;;;;;;240.76;-9.11;; 
0;0;Нагр;2645;ПС 220 кВ Литовко ОРУ-220 кВ;220;0;;;;;;;;;;235.34;-11.99;; 
0;0;Нагр;2644;отп.1 ПС 220 кВ Литовко;220;0;;;;;;;;;;235.58;-11.99;; 
0;0;Нагр;2646;ПС 220 кВ Икура/т 2С 220 кВ;220;1;6;3.1;;;;;;;;235.54;-14.5;3;6 
0;0;Нагр;2647;ПС 220 кВ Лондоко/т 2С 220 кВ;220;1;3.4;3.5;;;;;;;;234.89;-14.97;4;4 
0;0;Нагр;2167;ПС 220 кВ Ванино БК-(1-6);10;0;;;;;;;;;;10.76;-11.78;; 
0;0;Нагр;2648;ПС 220 кВ Бира/т 1С 220 кВ ;220;1;8.4;4.7;;;;;;;;234.9;-15.01;5;9 
0;0;Нагр;2649;ПС 220 кВ Центральная 2СШ 220;220;1;16.9;6.3;;;;;;;;234.78;-14.5;7;18 
0;0;Нагр;2650;ПС 220 кВ Кимкан/т 1С 220 кВ;220;1;2.4;1.2;;;;;;;;234.91;-14.26;1;3 
0;0;Нагр;2651;ПС 220 кВ НПС-34 2С 220 кВ ;220;1;7.8;0.7;;;;;;;;238.76;-15.26;1;8 
0;0;Нагр;2162;ПС 220 кВ Ванино БР-(1-2);10;0;;;;;;;;193388;;10.76;-11.78;; 
0;0;Ген;2363;Майская ГРЭС ТГ № 3;3;2;;;4;4.8;3.2;;5;;;3.22;-11.62;; 
0;0;Ген;2361;Майская ГРЭС ТГ № 1;11;0;;;9;5.8;10.4;;9;;;10.35;-10.11;; 
0;0;Ген;2364;Майская ГРЭС ТГ № 4;11;2;4.2;2.4;8;8.1;10.8;;9;;;10.84;-11.65;3;4 
0;0;Нагр;2158;ПС 220 кВ Ванино 2С-10 кВ;10;2;3.5;0.5;;;;;;;;10.71;-13.9;1;4 
0;0;Нагр;2157;ПС 220 кВ Ванино 1С-10 кВ;10;2;4.7;0.8;;;;;;;;10.42;-14.06;1;5 
0;0;Нагр;2156;ПС 220 кВ Ванино с.т.4Т;110;0;;;;;;;;;;112.19;-13.48;; 
0;0;Нагр;2155;ПС 220 кВ Ванино с.т.3Т ;110;0;;;;;;;;;;109.13;-13.51;; 
0;1;Нагр;2365;Майская ГРЭС СК № 5;11;0;;;;;;;;;;;;; 
0;0;Нагр;1285;ПС 110 кВ Лазурная 1С 110 кВ;110;1;2;0.4;;;;;;;;119.52;-47.85;1;2 
0;0;Нагр;2370;Согаванская ТЭЦ;110;0;;;;;;;;;;122.12;-11.51;; 
0;0;Нагр;2359;Майская ГРЭС I С.Ш.;35;2;;;;;;;;;;36.78;-12.65;; 
0;0;Нагр;3440;ПС 220 кВ НПС-23;220;1;5.7;0.2;;;;;;;;233.33;-18.11;;6 
0;0;Нагр;3812;ПС 220 кВ Тунгала 2C ОРУ 35 кВ;35;2;1.4;0.7;;;;;;;;37.02;-19.89;1;1 
0;0;Нагр;2877;ПС 35 кВ РП-1;35;2;0.4;0.1;;;;;;;;36.62;-12.89;; 
0;0;Нагр;2876;ПС 35 кВ РП-4;35;2;7.5;3.1;;;;;;;;36.29;-13.38;3;8 
0;0;Нагр;2875;ПС 35 кВ Лесозаводская;35;2;1;0.4;;;;;;;;36.38;-13.35;;1 
0;0;Нагр;2874;ПС 35 кВ Южная ;35;2;1.9;1;;;;;;;;36.4;-13.33;1;2 
0;0;Нагр;2873;ПС 35 кВ Монгохто;35;2;3.7;1;;;;;;;;35.87;-14.5;1;4 
0;0;Нагр;2872;ПС 35 кВ Тишкино 2с-35;35;2;3.8;0.8;;;;;;;;36.52;-13.43;1;4 
0;0;Нагр;2871;ПС 35 кВ Тишкино 1с-35 ;35;2;1.8;0.9;;;;;;;;36.52;-13.43;1;2 
0;0;Нагр;2315;Хабаровская ТЭЦ-1 с.т.4Т;110;0;;;;;;;;;;109.23;-21.1;; 
0;0;Нагр;2844;ПС 35 кВ Интурист 2С-35 кВ;35;2;4.7;1.8;;;;;;;;36.15;-19.88;2;5 
0;0;Нагр;2836;ПС 35 кВ Интурист 1С-35 кВ;35;2;5.9;1.9;;;;;;;;35.46;-20.54;2;6 
0;0;Нагр;2846;ПС 35 кВ БН 2СШ-35;35;2;9.4;2.2;;;;;;;;36.64;-22.76;2;10 
0;0;Нагр;2825;ПС 35 кВ БН 1СШ-35;35;2;8.6;2.4;;;;;;;;36.29;-23.38;3;9 
0;0;Нагр;2848;ПС 35 кВ СДВ 2С 35 ;35;2;6.3;1.4;;;;;;;;36.93;-22.29;2;7 
0;0;Нагр;2824;ПС 35 кВ СДВ 1С 35;35;2;15.4;4.3;;;;;;;;36.57;-22.96;5;16 
0;0;Нагр;2129;ПС 110 кВ Городская 2с 110;110;1;14.4;3.3;;;;;;;;118.57;-18.5;4;15 
0;0;Нагр;2823;ПС 35 кВ Ханкайская 1С-35 кВ;35;2;5.2;2;;;;;;;;36.29;-21.1;2;5 
0;0;Нагр;2842;ПС 35 кВ Ханкайская 2С-35 кВ;35;2;3.4;1.1;;;;;;;;36.54;-20.11;1;3 
0;0;Нагр;2840;ПС 110 кВ ХЭС 2С 35 ;35;2;4.5;1.7;;;;;;;;36.24;-19.77;2;5 
0;0;Нагр;2819;ПС 110 кВ ХЭС 1С 35 ;35;2;7.6;2.4;;;;;;;;35.56;-20.4;3;8 
0;0;Нагр;2119;ПС 110 кВ ХЭС 2С 110 ;110;0;;;;;;;;;;119.17;-18.47;; 
0;0;Нагр;2432;ПС 220 кВ Хехцир 2С 220 кВ;220;0;;;;;;;;;;238;-16.87;; 
0;0;Нагр;2418;ПС 220 кВ РЦ 2С 220 кВ;220;0;;;;;;;;;;237.92;-14.91;; 
0;0;Нагр;2514;ПС 500 кВ Хабаровская Р-514;500;0;;;;;;;;653;2;506.27;-12.4;; 
0;0;Нагр;2513;ПС 500 кВ Хабаровская Р-513;500;0;;;;;;;;653;1;506.27;-12.4;; 
0;0;Нагр;2512;ПС 500 кВ Хабаровская Р-512;500;0;;;;;;;;653;2;506.27;-12.4;; 
0;0;Нагр;2511;ПС 500 кВ Хабаровская Р-511;500;0;;;;;;;;653;1;506.27;-12.4;; 
0;0;Нагр;2279;Амурская ТЭЦ-1 2 секция 35кВ;35;2;9.5;3.1;;;;;;;;36.47;-3.15;3;10 
0;0;Нагр;2353;Комсомольская ТЭЦ-2 ГРУ 6 кВ 1сек;6;2;8.4;4.4;;;;;;;;6.28;-7.69;5;9 
0;0;Нагр;2354;Комсомольская ТЭЦ-2 ГРУ 6 кВ ;6;2;6.5;3.3;;;;;;;;6.27;-7.92;4;7 
0;0;Ген-;2355;Комсомольская ТЭЦ-2 ТГ № 5 ;6;2;4.4;2.2;15;4.6;6.5;4.6;19;;;6.47;-5.29;2;4 
0;0;Ген;2356;Комсомольская ТЭЦ-2 ТГ № 6;6;2;1.8;1.9;50;14.6;6.4;9.7;31.7;;;6.43;-1.86;2;2 
0;0;Ген;2357;Комсомольская ТЭЦ-2 ТГ № 7;6;2;7.1;5.7;50;12;6.4;9.7;31.7;;;6.38;-2.21;6;7 
0;0;Ген;2231;ПС 220 кВ Ургал ОРУ-110 кВ;110;1;32.4;7.6;;-6.4;120.1;-25;-1.3;;;120.07;-21.7;9;34 
0;0;Нагр;2634;ПС 220 кВ Ургал с.т.1АТ;220;0;;;;;;;;;;231.76;-21.85;; 
0;0;Нагр;2633;ПС 220 кВ Ургал с.т.2АТ;220;0;;;;;;;;;;227.76;-21.86;; 
0;0;Ген;2358;Комсомольская ТЭЦ-2 ТГ № 8;6;2;5;4.7;51;15.7;6.4;9.5;31.5;;;6.42;-1.97;5;5 
0;0;Нагр;2343;Комсомольская ТЭЦ-1 ГРУ-6 кВ;6;2;3.1;1.9;;;;;;;;6.34;-6.34;2;3 
0;0;Нагр;2441;ПС 220 кВ Кругликово/т 1С 220 кВ;220;1;6;3;;;;;;;;238.42;-17.37;3;6 
0;0;Нагр;2217;ПС 110 кВ Гайтер 1с-110 ;110;1;0.4;0.2;;;;;;;;120.82;-6.81;; 
0;0;Нагр;2216;ПС 110 кВ Картель 2с-110;110;1;0.7;0.1;;;;;;;;120.71;-7.02;;1 
0;0;Нагр;2215;ПС 110 кВ Картель 1с-110 ;110;1;1.5;0.3;;;;;;;;120.71;-7.02;;2 
0;0;Нагр;2213;ПС 220 кВ Селихино ОРУ-110 кВ;110;1;11.5;-3.4;;;;;;;;119.82;-8.48;-4;12 
0;0;Нагр;2431;ПС 220 кВ Хехцир 1С 220 кВ;220;0;;;;;;;;;;238;-16.87;; 
0;0;Ген;2342;Комсомольская ТЭЦ-1 ТГ № 2;6;2;2.6;1.2;9;1.3;6.4;;10.4;;;6.37;-5.97;1;3 
0;0;Нагр;2524;ПС 500 кВ Хабаровская 2С-10 кВ;10;2;0.2;0.1;;;;;;;;11.11;-13.46;; 
0;0;Нагр;2523;ПС 500 кВ Хабаровская 1С-10 кВ;10;2;0.2;0.1;;;;;;;;11.1;-13.74;; 
0;0;Нагр;2504;ПС 500 кВ Хабаровская с.т.2АТ;500;0;;;;;;;;;;504.98;-13.45;; 
0;0;Нагр;2503;ПС 500 кВ Хабаровская с.т.1АТ;500;0;;;;;;;;;;504.71;-13.74;; 
0;0;Нагр;3563;Бурейская ГЭС (1-6);500;0;;;;;;;;653;1;507.38;-3.76;; 
0;0;Нагр;3562;Бурейская ГЭС т.с. В4-500 В5-500;500;0;;;;;;;;653;1;507.38;-3.76;; 
0;0;Нагр;3561;Бурейская ГЭС т.с. В5-500 В6-500;500;0;;;;;;;;;;507.38;-3.76;; 
0;0;Нагр;4125;отп.2 ПС 110 кВ Инаглинская;110;0;;;;;;;;;;119.13;-20.9;; 
0;0;Нагр;4126;отп.1 ПС 110 кВ Инаглинская;110;0;;;;;;;;;;119.13;-20.91;; 
0;1;Нагр;60305601;ПС 220 кВ Куанда;220;1;3;0.7;;;;;;225;;;;; 
0;0;Нагр;3543;ПС 500 кВ Амурская С-10 кВ АТ-1;10;1;;;;;;;;;;11.04;-14.54;; 
0;0;Нагр;3544;ПС 500 кВ Амурская С-10 кВ АТ-2;10;1;;0.1;;;;;;;;11.04;-14.55;; 
0;0;Ген;7345;ПС 220 кВ Майя 2C-220;220;0;;;;-68.1;228;-100;-5;;;228;-31.52;; 
1;1;Ген;3342;Свободненская ТЭС ТГ-1;10;0;;;40;-17.6;10.5;-26;60;;;;;; 
1;1;Ген;3341;Свободненская ТЭС ТГ-1;10;0;;;40;-17.6;10.5;-26;60;;;;;; 
0;0;Нагр;3560;Бурейская ГЭС т.с. В3-500 В4-500;500;0;;;;;;;;;;507.38;-3.76;; 
0;0;Нагр;4501;ПС 220 кВ Эльгауголь;220;0;;;;;;;;;;228.38;-18.79;; 
0;0;Нагр;3460;ПС 220 кВ Рудная ОРУ 6 кВ;6;1;0.3;0.2;;;;;;;;6.59;-26;; 
0;0;Нагр;3459;ПС 220 кВ Рудная ср. т.;220;0;;;;;;;;;;244.28;-25.93;; 
0;0;Нагр;3488;ПС 220 кВ Рудная ОРУ 220 кВ;220;0;;;;;;;;;;238.7;-23.28;; 
0;0;Ген;3594;Нижне-Бурейская ГЭС ГГ4;14;0;;;77;9;13.8;-27.6;50.7;;;13.8;-3.59;; 
0;0;Ген;3593;Нижне-Бурейская ГЭС ГГ3;14;2;0.6;;77;9;13.8;-27.6;50.7;;;13.8;-3.62;;1 
0;0;Ген;3592;Нижне-Бурейская ГЭС ГГ2;14;0;;0.1;77;9.1;13.8;-27.6;50.7;;;13.8;-3.59;; 
0;0;Нагр;3591;Нижне-Бурейская ГЭС ГГ1;14;2;0.3;0.1;;;13.8;;;;;13.69;-7.68;; 
0;0;Нагр;3494;Нижне-Бурейская ГЭС;220;0;;;;;;;;;;240.27;-7.66;; 
0;0;Нагр;3469;ПС 220 кВ НПС-29;220;1;4.1;0.2;;;;;;;;238.97;-9.39;;4 
0;0;Нагр;3148;ПС 110 кВ Новая 2С-110 кВ;110;1;7.2;2.6;;;;;;;;118.74;-10.99;3;8 
0;0;Нагр;3147;ПС 110 кВ Новая 1С-110 кВ;110;1;6.8;2;;;;;;;;118.76;-10.98;2;7 
0;0;Нагр;4606;ПС 220 кВ Нижний Куранах ср.т. АТ-2;220;0;;;;;;;;;;215.8;-38.04;; 
0;0;Нагр;3498;ПС 110 кВ Селемджинск;110;1;;;;;;;;;;124.56;-23.65;; 
0;0;Нагр;3497;ПС 110 кВ Албын;110;1;18.2;0.1;;;;;;;;119.79;-28.38;;19 
0;0;Нагр;3496;ПС 110 кВ Маломыр;110;1;25.8;0.1;;;;;;;;122.12;-26.24;;28 
0;0;Нагр;3495;ПС 110 кВ Стойба;110;1;0.2;;;;;;;;;123;-25.38;; 
0;0;Нагр;3493;ПС 110 кВ Коболдо;110;1;12.1;;;;;;;;;120.92;-27.06;;13 
0;0;Нагр;3489;ПС 220 кВ Рудная ОРУ 110 кВ;110;0;;;;;;;;;;121.86;-25.72;; 
0;0;Нагр;4607;ПП 220 кВ Амга;220;0;;;;;;;;;;227.65;-45.02;; 
0;0;Нагр;4612;ПС 220 кВ НПС-17 1С-220;220;1;21.2;6.4;;;;;;;;230.01;-36.18;7;22 
0;0;Нагр;4127;ПС 110 кВ Инаглинская 2С;110;1;0.5;0.1;;;;;;;;119.12;-20.91;;1 
0;0;Нагр;3144;ПС 110 кВ Северная отп.1С-110 кВ;110;0;;;;;;;;;;118.4;-11.6;; 
0;0;Нагр;3145;ПС 110 кВ Северная отп. 2С-110 кВ;110;0;;;;;;;;;;118.37;-11.61;; 
0;0;Нагр;4416;ПС 220 кВ НПС-15 2С-220;220;1;13.4;2.9;;;;;;520;;225.2;-49.2;3;14 
0;0;Нагр;4120;отп. ПС 110 кВ ВГК;110;0;;;;;;;;;;120.51;-19.06;; 
0;0;Нагр;4109;ПС 110 кВ ВГК;110;1;4.1;1.6;;;;;;;;120.42;-19.1;2;4 
0;0;Нагр;4111;отп.2 ПС 110 кВ Денисовская;110;0;;;;;;;;;;119.61;-19.99;; 
0;0;Нагр;4112;отп.1 ПС 110 кВ Дежневская;110;0;;;;;;;;;;119.74;-19.86;; 
0;0;Нагр;4113;отп.2 ПС 110 кВ Дежневская;110;0;;;;;;;;;;119.74;-19.86;; 
0;0;Нагр;4110;отп.1 ПС 110 кВ Денисовская;110;0;;;;;;;;;;119.61;-19.99;; 
0;0;Нагр;4119;отп.1 ПС 110 кВ Угольная;110;0;;;;;;;;;;118.99;-21.31;; 
0;0;Нагр;4118;отп.2 ПС 110 кВ Угольная;110;0;;;;;;;;;;118.99;-21.3;; 
0;0;Нагр;4316;отп.2 ПС 220 кВ НПС-19;220;0;;;;;;;;;;235.77;-23.44;; 
0;0;Нагр;4314;отп.1 ПС 220 кВ НПС-19;220;0;;;;;;;;;;235.77;-23.44;; 
0;0;Нагр;3526;Зейская ГЭС 500 (П-4);500;0;;;;;;;;;;508.81;-8.89;; 
0;0;Нагр;3525;Зейская ГЭС 500 (П-3);500;0;;;;;;;;;;508.81;-8.89;; 
0;0;Нагр;3523;Зейская ГЭС 1С-500;500;0;;;;;;;;;;508.81;-8.89;; 
0;0;Нагр;3524;Зейская ГЭС 2С-500;500;0;;;;;;;;;;508.81;-8.89;; 
0;0;Нагр;3507;Зейская ГЭС Р-Ам. 1;500;0;;;;;;;;653;2;508.81;-8.89;; 
0;0;Нагр;3532;ПС 500 кВ Амурская 5С 500;500;0;;;;;;;;653;2;502.26;-13.69;; 
0;0;Нагр;3531;ПС 500 кВ Амурская 3С 500;500;0;;;;;;;;653;2;502.26;-13.69;; 
0;0;Нагр;3404;ПС 220 кВ Тутаул ОРУ 220 кВ;220;0;;;;;;;;;;230.48;-21.29;; 
0;0;Ген;3405;ПС 220 кВ Призейская 1С-220 кВ;220;0;;;;-42.1;230;-100;-5;;;230;-18.07;; 
0;0;Нагр;3406;ПС 220 кВ Призейская 2С-220 кВ;220;0;;;;;;;;;;230;-18.07;; 
0;0;Нагр;3804;ПС 220 кВ Тутаул 1С ОРУ 35 кВ;35;2;;;;;;;;;;37.46;-21.29;; 
0;0;Нагр;3403;ПС 220 кВ Дипкун;220;0;;;;;;;;;;230.08;-22.96;; 
0;0;Ген;3402;ПС 220 кВ Тында 2С-220;220;0;;;;-46.5;226.3;-100;-5;;;226.29;-27.09;; 
0;0;Нагр;3454;ПС 220 кВ Сиваки/т 2С-220;220;1;;;;;;;;;;234.38;-17.8;; 
0;0;Нагр;3453;ПС 220 кВ Сиваки/т 1С-220;220;1;4;0.7;;;;;;;;233.57;-17.88;1;4 
0;0;Нагр;3321;Благовещенская ТЭЦ;110;1;11.4;3.7;;;;;;;;118.9;-10.74;4;12 
0;0;Нагр;3482;ПС 220 кВ Завитая 2СШ-220;220;1;10.3;1.2;;;;;;;;237.78;-9.18;1;11 
0;0;Нагр;3481;ПС 220 кВ Завитая 1СШ-220;220;1;13.4;1;;;;;;;;237.78;-9.18;1;14 
0;0;Нагр;3476;ПС 220 кВ Хвойная отп. 2С-220 кВ;220;0;;;;;;;;;;235.33;-11.92;; 
0;0;Нагр;3475;ПС 220 кВ Хвойная отп. 1С-220 кВ;220;0;;;;;;;;;;236.45;-10.99;; 
0;0;Ген;3333;Благовещенская ТЭЦ ТГ 3;11;2;6.5;6.1;100;18.6;10.4;-21.5;75.9;;;10.45;-5.98;6;6 
0;0;Ген;3334;Благовещенская ТЭЦ ТГ 4;11;2;7.1;10.3;115;32.1;10.5;-44.5;103.3;;;10.5;-6.18;10;7 
0;0;Ген;3332;Благовещенская ТЭЦ ТГ 2;11;2;17.5;15.5;100;31.7;10.5;-21.5;75.9;;;10.49;-6.55;15;18 
0;0;Ген;3331;Благовещенская ТЭЦ ТГ 1;6;2;14.8;11.8;60;12.2;6.5;-12.5;48.5;;;6.51;-7.46;13;15 
0;0;Нагр;3506;Зейская ГЭС ГА6;16;0;;;;;15.3;;;;;15.27;-8.89;; 
0;0;Ген;3505;Зейская ГЭС ГА5;16;2;2;0.1;180;21.3;15.4;-67;151.8;;;15.4;-3.16;;2 
0;0;Ген;3504;Зейская ГЭС ГА4;16;0;;;180;21.2;15.4;-67;151.8;;;15.4;-3.1;; 
0;0;Ген;3503;Зейская ГЭС ГА3;16;2;1.2;;180;21.7;15.4;-67.8;151.8;;;15.4;-3.31;;1 
0;0;Ген;3502;Зейская ГЭС ГА2;16;1;;;200;80.8;16.4;-55.7;140.8;;;16.4;-5.87;; 
0;0;Ген;3501;Зейская ГЭС ГА1;16;2;;;200;83.3;16.5;-55.7;140.8;;;16.48;-5.14;; 
0;0;Нагр;3316;Райчихинская ГРЭС ср.т.Т-6;110;0;;;;;;;;;;119.87;-8.83;; 
0;0;Нагр;3317;Райчихинская ГРЭС ср.т.Т-7;110;0;;;;;;;;;;119.81;-8.74;; 
0;0;Нагр;3304;Райчихинская ГРЭС 1С 6 кВ;6;2;1.8;1.3;;;;-1.8;1.8;;;5.76;-9.57;1;2 
0;0;Нагр;3305;Райчихинская ГРЭС 2С 6 кВ;6;2;2.7;2.4;;;;;;;;5.76;-9.57;2;3 
0;0;Ген;3306;Райчихинская ГРЭС ТГ 6;6;2;1.8;2.2;50;10.3;6.2;-5;13;;;6.16;-6.44;2;2 
0;0;Ген;3307;Райчихинская ГРЭС ТГ 7;6;2;3.9;2.9;33;11.6;6.2;-13.2;18.8;;;6.16;-7.32;3;4 
0;0;Нагр;3420;ПС 220 кВ Сковородино/т;220;1;13.7;6.2;;;;;;;;221.96;-28.32;6;14 
0;0;Нагр;3430;ПС 220 кВ Ульручьи/т;220;1;9.2;0.9;;;;;;;;222.93;-26.83;1;9 
0;0;Нагр;60305408;ПС 220 кВ Удоканский ГМК ОРУ 220 кВ;220;0;;;;;;;;;;212.67;-35.15;; 
0;0;Нагр;3407;ПС 220 кВ Тунгала ОРУ 220 кВ;220;0;;;;;;;;;;231.06;-19.49;; 
0;0;Нагр;3807;ПС 220 кВ Тунгала 1С ОРУ 35 кВ;35;2;2.2;1.2;;;;;;13493;;35.68;-19.96;1;2 
0;0;Нагр;3819;ПС 220 кВ Хани ОРУ 10 кВ;10;2;5.9;0.1;;;;;;81729;;9.39;-35.18;;6 
0;0;Нагр;3821;ПС 220 кВ Сковородино ОРУ 35 кВ;35;0;;;;;;;;;;36.26;-32.05;; 
0;0;Нагр;3486;ПС 220 кВ Тарманчукан/т СШ2-220;220;1;6.4;4.6;;;;;;;;236.51;-11.79;5;7 
0;0;Нагр;3313;Райчихинская ГРЭС ОРУ 35 кВ;35;2;31.8;11;;;;;;;;35.68;-8.7;12;32 
0;0;Нагр;3815;ПС 220 кВ Хорогочи 1С ОРУ 35 кВ;35;2;0.7;0.1;;;;;;;;34.94;-28.54;;1 
0;0;Нагр;3813;ПС 220 кВ Призейская 2С-35 кВ;35;2;1.8;0.5;;;;;;13493;;36.9;-18.42;1;2 
0;0;Нагр;3805;ПС 220 кВ Призейская 1С-35 кВ;35;2;1.8;0.4;;;;;;13493;;36.91;-18.43;;2 
0;0;Нагр;3419;ПС 220 кВ Хани ОРУ 220 кВ;220;0;;;;;;;;;;216.05;-33.78;; 
0;0;Нагр;3803;ПС 220 кВ Дипкун 2С ОРУ 35 кВ;35;2;;;;;;;;;;36.68;-22.96;; 
0;0;Нагр;60305813;ПС 220 кВ Удоканский ГМК ЗРУ 35 кВ;35;2;10;4.9;;;;;;;;34.6;-36.08;5;10 
0;0;Нагр;3814;ПС 220 кВ Новокиевка ОРУ 35 кВ;35;2;5.9;0.5;;;;;;;;39.58;-18.94;1;6 
0;0;Нагр;3818;ПС 220 кВ Тында 4 С 35;35;0;;;;;;;;;;37.65;-28.27;; 
0;0;Нагр;3801;ПС 220 кВ Тында 3 С 35;35;0;;;;;;;;;;36.69;-29.16;; 
0;0;Нагр;3841;ПС 220 кВ Ключевая ОРУ 35 кВ;35;2;11.4;3.4;;;;;;;;36.64;-19.94;4;12 
0;0;Нагр;3539;ПС 500 кВ Амурская 1С 500;500;0;;;;;;;;;;502.26;-13.69;; 
0;0;Нагр;3530;ПС 500 кВ Амурская 2С 500;500;0;;;;;;;;;;502.26;-13.69;; 
0;0;Нагр;3528;Зейская ГЭС 500 (Т5, Т6);500;0;;;;;;;;;;508.85;-8.89;; 
0;0;Нагр;3527;Зейская ГЭС 500 (Т3, Т4);500;0;;;;;;;;;;508.88;-8.89;; 
0;0;Нагр;3500;Зейская ГЭС 500 (АТ);500;0;;;;;;;;;;508.81;-8.89;; 
0;0;Нагр;3811;ПС 220 кВ Февральская ОРУ 35 кВ;35;0;;;;;;;;13493;;37.15;-22.67;; 
0;0;Нагр;3817;ПС 220 кВ Юктали 1С ОРУ 35 кВ;35;2;2.1;0.1;;;;;;13493;;35.18;-32.41;;2 
0;0;Нагр;3417;ПС 220 кВ Юктали ОРУ 220 кВ;220;0;;;;;;;;;;217.95;-31.91;; 
0;0;Нагр;3816;ПС 220 кВ Лопча 1С ОРУ 35 кВ;35;2;1.4;2.8;;;;;;;;32.45;-30.02;2;1 
0;0;Нагр;3416;ПС 220 кВ Лопча ОРУ 220 кВ;220;0;;;;;;;;;;221.13;-29.63;; 
0;0;Нагр;3415;ПС 220 кВ Хорогочи ОРУ 220 кВ;220;0;;;;;;;;;;224.6;-28.33;; 
0;0;Нагр;3411;ПС 220 кВ Февральская 1С-220 кВ;220;0;;;;;;;;;;232.55;-20.78;; 
0;0;Нагр;3455;ПС 220 кВ Мухинская/т;220;1;7;0.2;;;;;;;;234.63;-17.39;;7 
0;0;Нагр;3472;ПС 220 кВ Белогорск 2С-220 кВ;220;1;52.4;17.6;;;;;;;;233.01;-14.12;20;54 
0;0;Нагр;3140;ПС 110 кВ Западная;110;1;26.6;8.6;;;;;;;;118.83;-10.78;10;28 
0;0;Нагр;3139;ПС 110 кВ Центральная;110;1;34;8;;;;;;;;118.34;-11.49;9;36 
0;0;Нагр;3165;ПС 220 кВ Благовещенская 1С-110 кВ;110;1;39.7;3.1;;;;;;;;118.49;-11.71;4;42 
0;0;Нагр;3166;ПС 220 кВ Благовещенская 2С-110 кВ;110;1;16.2;3.3;;;;;;;;118.49;-11.71;4;17 
0;0;Нагр;3177;ПС 220 кВ Хвойная ОРУ 110 кВ;110;1;5.5;4.5;;;;;;;;117.15;-12.53;5;6 
0;0;Нагр;3136;ПС 110 кВ Озерная;110;1;1.2;0.6;;;;;;;;116.4;-13.23;1;1 
0;0;Нагр;3135;ПС 110 кВ Полевая;110;1;;;;;;;;;;115.51;-13.94;; 
0;0;Нагр;3134;ПС 110 кВ Ивановка;110;1;8.7;2;;;;;;;;114.69;-14.43;2;9 
0;0;Нагр;3133;ПС 110 кВ Волково;110;1;11.4;2.4;;;;;;;;117.19;-12.52;3;12 
0;0;Нагр;3132;ПС 110 кВ Тамбовка;110;1;26.3;3.8;;;;;;;;116.29;-13.41;4;27 
0;0;Нагр;3131;ПС 110 кВ Михайловка;110;1;10.5;2.4;;;;;;;;117.12;-12.62;3;11 
0;0;Нагр;3103;ПС 220 кВ Тында ОРУ 110 кВ;110;70302;32.5;9.9;;;;;;;;120.06;-28.92;16;36 
0;0;Нагр;3102;ПС 220 кВ Тында ср.т. АТ-2;220;0;;;;;;;;;;225.46;-28.27;; 
0;0;Нагр;3101;ПС 220 кВ Тында ср.т. АТ-1;220;0;;;;;;;;;;219.7;-29.16;; 
0;0;Нагр;3311;Райчихинская ГРЭС ОРУ 110 кВ;110;1;36.1;19.7;;;;;;;;119.88;-10.37;23;38 
0;0;Нагр;3450;ПС 220 кВ Чалганы/т;220;1;11;21.2;;;;;;;;232.29;-18.12;23;11 
0;0;Нагр;3480;ПС 220 кВ Варваровка;220;1;13.1;1.6;;;;;;;;236.93;-11.04;2;14 
0;0;Нагр;4312;Нерюнгринская ГРЭС 2СШ-220;220;0;;;;;;;;;;235.91;-23.34;; 
0;0;Нагр;3823;ПС 220 кВ Сковородино ср.т. АТ-2 ;220;0;;;;;;;;;;217.15;-32.05;; 
0;0;Нагр;3822;ПС 220 кВ Сковородино 1С ОРУ 110 кВ;110;70301;20.4;6.4;;;;;;;;105.05;-32.12;5;20 
0;0;Нагр;3464;ПС 220 кВ Благовещенская 2С-220 кВ;220;0;;;;;;;;;;234.27;-12.83;; 
0;0;Нагр;3468;ПС 220 кВ Благовещенская ОРУ 35 кВ;35;2;0.7;0.1;;;;;;;;38.29;-11.64;;1 
0;0;Нагр;3467;ПС 220 кВ Благовещенская ср.т. АТ-1 ;220;0;;;;;;;;;;229.06;-11.52;; 
0;0;Нагр;3466;ПС 220 кВ Благовещенская ср.т. АТ-2 ;220;0;;;;;;;;;;229.5;-11.64;; 
0;0;Нагр;3142;ПС 110 кВ Сетевая 2С-110 кВ;110;1;31.1;8.7;;;;;;;;118.37;-11.41;10;33 
0;0;Нагр;3141;ПС 110 кВ Сетевая 1С-110 кВ;110;1;13.7;3.7;;;;;;;;118.41;-11.39;4;14 
0;0;Нагр;4329;ПС 110 кВ СХК 2С;110;1;21.8;9;;;;;;;;119.9;-19.34;11;23 
0;0;Нагр;4328;ПС 110 кВ СХК 1С;110;1;21.8;9;;;;;;;;119.86;-19.36;11;23 
0;0;Нагр;4320;ПС 110 кВ Обогатительная Фабрика 2C;110;1;13.4;6.7;;;;;;;;119.94;-19.4;8;14 
0;0;Нагр;4319;ПС 110 кВ Обогатительная Фабрика 1C;110;1;13.4;6.7;;;;;;;;119.94;-19.4;8;14 
0;0;Нагр;4123;ПС 110 кВ ЗИФ 1С;110;1;4.9;0.6;;;;;;;;115.52;-38.11;1;5 
0;0;Нагр;4124;ПС 110 кВ ЗИФ 2С;110;1;4.9;0.6;;;;;;;;115.51;-38.11;1;5 
0;0;Нагр;4114;ПС 110 кВ Денисовская 1С;110;1;1.4;0.4;;;;;;;;119.61;-19.99;1;1 
0;0;Нагр;3474;ПС 220 кВ Короли/т;220;1;18.8;7;;;;;;;;236.18;-11.48;8;20 
0;0;Нагр;3473;ПС 220 кВ Белогорск/т;220;1;25;13.7;;;;;;;;233.12;-13.87;15;26 
0;0;Нагр;3456;ПП 220 кВ Зея;220;1;0.2;1.9;;;;;;;;235.04;-15.85;2; 
0;0;Нагр;3457;ПС 220 кВ Шимановск/т;220;1;8.3;2.5;;;;;;;;234.96;-16.45;3;9 
0;0;Нагр;3418;ПС 220 кВ Олекма;220;1;0.2;0.1;;;;;;;;217.21;-33.13;; 
0;0;Нагр;3490;ПС 220 кВ Талакан;220;1;18.7;1.4;;;;;;;;236.62;-4.48;2;20 
0;0;Нагр;3462;ПС 220 кВ Ледяная/т 2С-220;220;1;5.2;3;;;;;;;;234.69;-16.55;3;5 
0;0;Нагр;1509;Приморская ГРЭС 2СШ 500 кВ;500;0;;;;;;;;;;507.19;-24.82;; 
0;0;Нагр;1506;Приморская ГРЭС П2 500 кВ;500;0;;;;;;;;;;507.19;-24.82;; 
0;0;Нагр;1505;Приморская ГРЭС ОРУ 500 кВ 8АТ;500;0;;;;;;;;;;507.19;-24.82;; 
0;0;Нагр;1504;Приморская ГРЭС ОРУ 500 кВ 7АТ;500;0;;;;;;;;;;507.19;-24.82;; 
0;0;Нагр;1503;Приморская ГРЭС П4 500 кВ (ШР-3);500;0;;;;;;;;653;2;507.18;-24.82;; 
0;0;Нагр;1511;Приморская ГРЭС IСШ 220 кВ;220;0;;;;;;;;;;241.5;-22.59;; 
0;0;Нагр;1515;Приморская ГРЭС IIIСШ 220 кВ;220;0;;;;;;;;;;241.5;-22.59;; 
0;0;Нагр;1517;Приморская ГРЭС ОРУ 110 кВ;110;1;22.2;1;;;;;;;;119.73;-21.78;1;24 
0;0;Нагр;1550;ПС 500 кВ Владивосток т.с. В 500 61, В 500 62;500;0;;;;;;;;;;499.1;-39.15;; 
0;0;Нагр;1551;ПС 500 кВ Владивосток т.с. В 500 42, В 500 61;500;0;;;;;;;;;;499.1;-39.15;; 
0;0;Нагр;1552;ПС 500 кВ Владивосток т.с. В 500 42, В 500 62;500;0;;;;;;;;;;499.11;-39.15;; 
0;0;Нагр;1481;ПС 220 кВ Зеленый Угол 1С 220;220;0;;;;;;;;;;226.6;-45.62;; 
0;0;Нагр;1482;ПС 220 кВ Зеленый Угол 2С 220;220;0;;;;;;;;;;226.6;-45.62;; 
0;0;Нагр;1483;ПС 220 кВ Зеленый Угол с.т. АТ-1;220;0;;;;;;;;;;228.55;-47.54;; 
0;0;Нагр;1484;ПС 220 кВ Зеленый Угол с.т. АТ-2;220;0;;;;;;;;;;228.54;-47.55;; 
0;0;Нагр;1485;ПС 220 кВ Зеленый Угол 1С 110;110;0;;;;;;;;;;120.08;-47.38;; 
0;0;Нагр;1486;ПС 220 кВ Зеленый Угол 2С 110;110;0;;;;;;;;;;120.08;-47.38;; 
0;0;Нагр;1487;ПС 220 кВ Зеленый Угол 1С 10;10;2;1.8;;;;;;;;;10.43;-47.95;;2 
0;0;Нагр;1488;ПС 220 кВ Зеленый Угол 2С 10;10;0;;;;;;;;;;10.43;-47.55;; 
0;0;Нагр;1491;ПС 220 кВ Патрокл 1С 220;220;0;;;;;;;;;;226.75;-45.65;; 
0;0;Нагр;1492;ПС 220 кВ Патрокл 2С 220;220;0;;;;;;;;;;226.75;-45.65;; 
0;0;Нагр;1493;ПС 220 кВ Патрокл с.т. АТ-1;220;0;;;;;;;;;;226.73;-45.88;; 
0;0;Нагр;1494;ПС 220 кВ Патрокл с.т. АТ-2;220;0;;;;;;;;;;226.74;-45.75;; 
0;0;Нагр;1495;ПС 220 кВ Патрокл 1С 110;110;0;;;;;;;;;;119.93;-47.3;; 
0;0;Нагр;1496;ПС 220 кВ Патрокл 2С 110;110;0;;;;;;;;;;119.93;-47.3;; 
0;0;Нагр;1497;ПС 220 кВ Патрокл 1С 10;10;2;1.9;;;;;;;;;10.84;-46.29;;2 
0;0;Нагр;1498;ПС 220 кВ Патрокл 2С 10;10;2;0.9;;;;;;;;;10.84;-45.95;;1 
0;0;Нагр;1500;Приморская ГРЭС 1СШ 500 кВ (ШР-4);500;0;;;;;;;;;;507.19;-24.82;; 
0;0;Ген;1525;Приморская ГРЭС Блок 5;16;2;15.9;11.5;200;51.7;16;-9.5;144.8;;;16;-17.28;12;16 
0;0;Нагр;1521;Приморская ГРЭС Дубль-блок 1;11;0;;;;;10.5;;;;;10.42;-21.78;; 
0;0;Ген;1522;Приморская ГРЭС Дубль-блок 2;11;2;8.8;7;90;16.4;10.5;;97.6;;;10.5;-17.73;7;9 
0;0;Ген;1523;Приморская ГРЭС Дубль-блок 3;11;2;5.3;3.8;60;76.2;10.5;;102;;;10.5;-21.08;4;5 
0;0;Ген;1524;Приморская ГРЭС Дубль-блок 4;11;2;4.5;3.5;60;75;10.5;;102;;;10.5;-21.04;3;5 
0;0;Ген+;1348;Артемовская ТЭЦ ТГ № 8;11;2;10.6;13.3;95;67.5;10.5;5;67.5;;;9.97;-39.92;12;10 
0;1;Ген;1347;Артемовская ТЭЦ ТГ № 7;11;2;10.4;9.3;95;63.3;10.4;5;67.5;;;;;; 
0;0;Ген+;1346;Артемовская ТЭЦ ТГ № 6;11;2;12.5;11.4;95;67.5;10.5;5;67.5;;;10.31;-44.18;11;12 
0;0;Ген;1345;Артемовская ТЭЦ ТГ № 5;11;2;10.4;9.3;95;65.7;10.3;5;67.5;;;10.3;-44.11;9;10 
0;0;Ген;1321;Владивостокская TЭЦ-2 ТГ № 1;11;2;20.4;14.6;65;15.2;10.2;5;78.4;;;10.2;-44.79;14;20 
0;0;Ген;1322;Владивостокская TЭЦ-2 ТГ № 2;11;2;16.2;13;90;25.1;10.3;7;88;;;10.3;-43.33;12;16 
0;0;Ген;1323;Владивостокская TЭЦ-2 ТГ № 3;11;2;7;6.4;95;35;10.4;7;85.4;;;10.4;-43.18;6;7 
0;0;Ген;1324;Владивостокская TЭЦ-2 ТГ № 4;11;2;10.2;8.7;95;68.3;11;5;81.4;;;11;-43.71;10;11 
0;0;Ген;1361;Партизанская ГРЭС ТГ № 1;11;2;6.7;7.2;83;58.6;10.5;-36;83.4;;;10.5;-41.22;7;7 
0;0;Нагр;1362;Партизанская ГРЭС ТГ № 2;11;2;5.5;4.8;;;10;;;;;10;-45.32;4;5 
0;1;Нагр;1325;Владивостокская TЭЦ-2 ТГ № 5;11;2;16.8;12;;;10.2;;;;;;;; 
0;0;Ген;1526;Приморская ГРЭС Блок 6;16;2;14.3;11.6;200;52.2;16;-9.5;144.8;;;16;-17.45;12;14 
0;1;Нагр;1326;Владивостокская TЭЦ-2 ТГ № 6;11;0;;;;;10.1;;;;;;;; 
0;0;Ген+;1723;ПС 220 кВ Горелое СТК-1;11;0;;;;5;10.7;-35;5;;;10.59;-41.39;; 
0;0;Ген+;1724;ПС 220 кВ Горелое СТК-2;11;0;;;;5;10.7;-35;5;;;10.58;-41.38;; 
0;0;Нагр;1527;Приморская ГРЭС Блок 7;16;2;5.5;4.1;;;16.4;;;;;16.45;-22.5;5;6 
0;0;Ген-;1528;Приморская ГРЭС Блок 8;16;2;2.5;1.2;200;-9.5;16.3;-9.5;144.8;;;16.4;-17.88;1;3 
0;0;Ген;1529;Приморская ГРЭС Блок 9;16;2;16.1;11.3;205;87.4;15.8;-9.3;144.7;;;15.8;-18.91;11;16 
0;0;Ген;1535;ПС 500 кВ Дальневосточная СK-1;11;0;0.5;0.2;;24.4;11.2;-60;50;;;11.2;-39.6;;1 
0;0;Ген;1536;ПС 500 кВ Дальневосточная СК-2;11;2;;;;23.9;11.2;-50;50;;;11.2;-39.61;; 
0;0;Ген;1327;Восточная ТЭЦ ТГ-1 ;11;2;5.3;2.6;40;10;10.3;-17.4;33.2;;;10.3;-44.22;2;5 
0;0;Ген;1328;Восточная ТЭЦ ТГ-2;11;2;4;1.9;40;9.3;10.3;-17.4;33.2;;;10.3;-44.09;2;4 
0;0;Ген;1329;Восточная ТЭЦ ТГ-3;11;2;2.9;1.6;40;9.1;10.3;-17.4;33.2;;;10.3;-43.98;2;3 
0;0;Нагр;1228;ПС 110 кВ ЖБИ-130;110;1;2.6;0.9;;;;;;;;116.51;-47.23;1;3 
0;0;Нагр;1141;ПС 110 кВ ХФЗ;110;1;2.4;0.4;;;;;;;;117.93;-45.38;;3 
0;0;Нагр;1252;ПС 110 кВ УKФ;110;1;11.8;7.9;;;;;;;;114.26;-49.4;8;12 
0;0;Нагр;1269;ПС 110 кВ Тереховка;110;1;0.6;0.3;;;;;;;;112.45;-50.71;;1 
0;0;Нагр;1265;ПС 110 кВ Кипарисово;110;1;2.2;0.4;;;;;;;;112.21;-50.98;;2 
0;0;Нагр;3444;ПС 220 кВ Светлая 2 СШ;220;1;31.9;5;;;;;;;;243.69;-11.08;6;34 
0;0;Нагр;4137;РП 110 кВ Хвойный;110;0;;;;;;;;;;115.14;-36.38;; 
0;0;Нагр;1251;ПС 110 кВ Междуречье;110;1;10.8;3.9;;;;;;;;115.24;-48.74;4;11 
0;0;Нагр;1603;ПС 220 кВ Иман 1с 220 кВ;220;0;;;;;;;;;;237.36;-27.93;; 
0;0;Нагр;1604;ПС 220 кВ Иман 2с 220 кВ;220;0;;;;;;;;;;236.93;-28.14;; 
0;0;Нагр;1405;ПС 220 кВ Лесозаводск 1С 220;220;1;15.1;3;;;;;;;;235.48;-31.68;3;16 
0;0;Нагр;1406;ПС 220 кВ Лесозаводск 2С 220;220;1;13.6;3.8;;;;;;;;235.48;-31.68;4;14 
0;0;Нагр;1407;ПС 220 кВ Кировка;220;1;14.4;3.8;;;;;;;;233.98;-35.01;4;15 
0;0;Ген+;1410;ПС 220 кВ Спасск УШР-1;220;0;;;;-3;235;-63;-3;;;233.84;-39.12;; 
0;0;Нагр;1411;ПС 220 кВ Спасск 1СШ 220;220;70114;10.5;;;;;;;;;233.84;-39.12;;11 
0;0;Нагр;1412;ПС 220 кВ Спасск 2СШ 220;220;70114;10.3;2.6;;;;;;-2149;;233.84;-39.12;4;10 
0;0;Нагр;1451;ПС 220 кВ Уссурийск-2 1с 220;220;0;;;;;;;;;;223.68;-42.69;; 
0;0;Нагр;1452;ПС 220 кВ Уссурийск-2 2с 220;220;0;;;;;;;;;;223.68;-42.69;; 
0;0;Нагр;1331;Артемовская ТЭЦ 1СШ 220 кВ;220;0;;;;;;;;;;224.05;-45.04;; 
0;0;Нагр;1332;Артемовская ТЭЦ 2СШ 220 кВ;220;0;;;;;;;;;;224.05;-45.04;; 
0;0;Нагр;1352;ПП 220 кВ Партизанск 2с 220;220;0;;;;;;;;;;222.34;-41.99;; 
0;0;Нагр;1351;ПП 220 кВ Партизанск 1с 220;220;0;;;;;;;;;;222.34;-41.99;; 
0;0;Нагр;1430;ПС 220 кВ Чугуевка ОРУ 220;220;0;;;;;;;;;;233.06;-37.28;; 
0;0;Нагр;1421;ПС 220 кВ К ОРУ 220 кВ;220;0;;;;;;;;;;232.35;-38.98;; 
0;0;Нагр;1300;отп. ПС 110 кВ 1Р/т 2С 110;110;0;;;;;;;;;;119.77;-48;; 
0;0;Нагр;1301;отп. ПС 110 кВ 1Р/т 1С 110;110;0;;;;;;;;;;119.82;-47.9;; 
0;0;Нагр;1302;ПС 110 кВ 1P/т СШ2-110;110;1;10.6;7.5;;;;;;;;119.77;-48;9;11 
0;0;Нагр;1316;отп. ПС 110 кВ Голубинка 1С 110;110;0;;;;;;;;;;119.86;-47.7;; 
0;0;Нагр;1317;отп. ПС 110 кВ Голубинка 2С 110;110;0;;;;;;;;;;119.84;-47.74;; 
0;0;Нагр;1319;Восточная ТЭЦ 1СШ 110 кВ;110;1;;;;;;;;;;120.07;-47.59;; 
0;0;Нагр;1318;Восточная ТЭЦ 2СШ 110 кВ;110;1;;;;;;;;;;120.07;-47.59;; 
0;0;Нагр;1311;Владивостокская TЭЦ-2 1СШ 220 кВ;220;0;;;;;;;;;;226.49;-45.68;; 
0;0;Нагр;1312;Владивостокская TЭЦ-2 2СШ 220 кВ;220;0;;;;;;;;;;226.49;-45.68;; 
0;0;Нагр;1467;ПС 220 кВ Широкая  1С 220 кВ;220;0;;;;;;;;;;217.11;-43.88;; 
0;0;Нагр;1468;ПС 220 кВ Широкая  2С 220 кВ;220;0;;;;;;;;;;217.11;-43.88;; 
0;0;Нагр;1461;ПС 220 кВ Береговая-2 ОРУ 220 кВ;220;0;;;;;;;;;;218.99;-45.44;; 
0;0;Нагр;1463;ПС 220 кВ Береговая-2 с.т. АТ-1;220;0;;;;;;;;;;211.61;-49.29;; 
0;0;Нагр;1464;ПС 220 кВ Береговая-2 с.т. АТ-2;220;0;;;;;;;;;;211.32;-49.39;; 
0;0;Нагр;1431;ПС 220 кВ Арсеньев-2 1С 220 кВ;220;0;;;;;;;;;;228.02;-39.89;; 
0;0;Нагр;1432;ПС 220 кВ Арсеньев-2 2С 220 кВ;220;0;;;;;;;;;;228.02;-39.89;; 
0;0;Нагр;3808;ПС 220 кВ Лопча 2С ОРУ 35 кВ ;35;2;;;;;;;;13493;;36.51;-29.37;; 
0;0;Нагр;1513;Приморская ГРЭС с.т. 3АТ;220;0;;;;;;;;;;243.59;-22.09;; 
0;0;Нагр;1514;Приморская ГРЭС с.т. 4АТ;220;0;;;;;;;;;;243.69;-22.06;; 
0;0;Нагр;1335;Артемовская ТЭЦ с.т. 7АТ №1, 2;220;0;;;;;;;;;;222.38;-45.89;; 
0;0;Нагр;1161;ПС 220 кВ Береговая-2 1С 110;110;0;;;;;;;;;;118.15;-49.05;; 
0;0;Нагр;1162;ПС 220 кВ Береговая-2 2С 110;110;0;;;;;;;;;;118.15;-49.05;; 
0;0;Нагр;1473;ПС 220 кВ Береговая-2  1С 6;6;2;9.1;2.5;;;;;;;;6;-51.51;2;9 
0;0;Нагр;1474;ПС 220 кВ Береговая-2  2С 6;6;2;9.2;2;;;;;;;;6;-51.67;2;9 
0;0;Нагр;1179;ПС 110 кВ С-55;110;1;7.5;3;;;;;;;;115.79;-49.43;3;8 
0;0;Нагр;1292;ПС 110 кВ Амурская;110;1;12.6;1.3;;;;;;;;119.74;-47.95;1;13 
0;0;Нагр;1183;ПС 110 кВ Смоляниново/т;110;1;13.2;20.8;;;;;;;;116.8;-48.57;23;14 
0;0;Нагр;1180;ПС 110 кВ Промысловка;110;1;14.5;3.1;;;;;;;;116.47;-49.53;3;15 
0;0;Нагр;1111;ПС 220 кВ Спасск 1СШ 110;110;70111;27.7;8.5;;;;;;;;122.33;-43.14;13;31 
0;0;Нагр;1112;ПС 220 кВ Спасск 2СШ 110;110;70112;16;3.9;;;;;;;;122.33;-43.14;7;18 
0;0;Нагр;1119;ПС 110 кВ Ключи 1С 110 кВ;110;1;0.1;;;;;;;;;121.41;-43.7;; 
0;0;Нагр;1223;ПС 110 кВ Черниговка;110;1;5.1;2;;;;;;;;118.91;-44.93;2;5 
0;0;Нагр;1225;ПС 110 кВ Ярославка 1СШ 110;110;1;2.2;0.8;;;;;;;;116.2;-46.47;1;2 
0;0;Нагр;1226;ПС 110 кВ Ярославка 2СШ 110;110;1;4.7;1.7;;;;;;;;116.2;-46.47;2;5 
0;0;Нагр;1135;ПС 110 кВ М;110;1;11.7;4.5;;;;;;;;115.24;-45.92;5;12 
0;0;Нагр;1134;ПС 110 кВ Реттиховка;110;1;1;0.4;;;;;;;;117.38;-44.62;;1 
0;0;Нагр;1129;ПС 110 кВ Арсеньев-1;110;1;32.7;13.8;;;;;;;;119.28;-43.19;16;35 
0;0;Нагр;1130;ПС 220 кВ Чугуевка ОРУ 110;110;1;17.4;5.7;;;;;;;;115.4;-45.35;6;18 
0;0;Нагр;1230;ПС 110 кВ Павловка-1;110;1;10.8;4;;;;;;;;116.31;-46.87;4;11 
0;0;Нагр;1151;ПС 220 кВ Уссурийск-2 1СШ 110;110;70101;26.9;6.3;;;;;;;;117.68;-47.22;9;29 
0;0;Нагр;1152;ПС 220 кВ Уссурийск-2 2СШ 110;110;70101;14.8;3.9;;;;;;;;117.68;-47.22;5;16 
0;0;Нагр;1261;ПС 110 кВ Уссурийск/т;110;1;21;19.6;;;;;;;;114.76;-47.97;21;22 
0;0;Нагр;1255;ПС 110 кВ Уссурийск-1 1СШ 110 кВ;110;1;21;6.2;;;;;;;;113.25;-50.17;7;21 
0;0;Нагр;1209;ПС 110 кВ Полевая;110;1;17.5;6.8;;;;;;;;112.97;-49.04;7;18 
0;0;Нагр;1208;ПС 110 кВ Липовцы;110;1;24;9.3;;;;;;;;111.57;-49.15;10;24 
0;0;Нагр;1205;ПС 110 кВ Хороль;110;1;12;4.5;;;;;;;;113.14;-47.81;5;12 
0;0;Нагр;1171;ПС 110 кВ Екатериновка;110;1;15.5;5.6;;;;;;;;116.44;-46.37;6;16 
0;0;Нагр;1172;ПС 110 кВ Угольная;110;1;31.2;11.9;;;;;;;;114.91;-47.59;13;32 
0;0;Нагр;3806;ПС 220 кВ Юктали 2С ОРУ 35 кВ;35;2;2.1;0.1;;;;;;;;33.12;-32.57;;2 
0;0;Нагр;1354;Партизанская ГPЭС II СШ-110;110;0;;;;;;;;;;118.57;-45.05;; 
0;0;Нагр;1174;ПС 110 кВ Голубовка;110;1;10.8;2.2;;;;;;;;116.1;-47.6;2;11 
0;0;Нагр;1280;ПС 110 кВ Муравейка;110;1;4.7;1.3;;;;;;;;118.98;-48.17;2;5 
0;0;Нагр;1333;Артемовская ТЭЦ 1СШ 110 кВ;110;1;27.4;12.3;;;;;;;;118.85;-48.18;14;29 
0;0;Нагр;1334;Артемовская ТЭЦ 2СШ 110 кВ;110;1;27.6;12.5;;;;;;;;118.85;-48.18;14;29 
0;0;Нагр;1253;ПС 110 кВ Кожзавод 1С 110;110;1;11.4;2.7;;;;;;;;112.91;-50.33;3;12 
0;0;Нагр;1254;ПС 110 кВ Кожзавод 2С 110;110;1;9.3;2.7;;;;;;;;112.91;-50.33;3;9 
0;0;Нагр;1420;ПС 220 кВ Высокогорск;220;1;;;;;;;;;;231.84;-39.39;; 
0;0;Нагр;1143;ПС 110 кВ Вокзальная/т;110;1;17.9;16.6;;;;;;;;117.48;-45.63;19;19 
0;0;Нагр;1276;отп. ПС 110 кВ Штыково 2С 110;110;0;;;;;;;;;;118.28;-48.33;; 
0;0;Нагр;1259;ПС 110 кВ Казармы;110;1;8;1.8;;;;;;;;113.27;-50.48;2;8 
0;0;Нагр;1263;ПС 110 кВ Западная 1СШ 110;110;1;39.8;12.8;;;;;;;;113.44;-50.4;14;41 
0;0;Нагр;1264;ПС 110 кВ Западная 2СШ 110;110;1;25.4;8.6;;;;;;;;113.44;-50.4;9;26 
0;0;Нагр;1275;отп. ПС 110 кВ Штыково 1С 110;110;0;;;;;;;;;;118.29;-48.32;; 
0;0;Нагр;1147;ПС 110 кВ Анисимовка/т;110;1;12.9;17.7;;;;;;;;115.54;-46.84;19;13 
0;0;Нагр;1144;ПС 110 кВ Фридман/т;110;1;5.2;5.7;;;;;;;;116.36;-46.17;6;5 
0;0;Нагр;1267;ПС 110 кВ Раздольное-1;110;1;8.6;2.2;;;;;;;;111.7;-51.2;2;9 
0;0;Нагр;1268;ПС 110 кВ Пушкинская 2С 110 кВ;110;1;;;;;;;;;;111.27;-51.5;; 
0;0;Нагр;1802;ПС 110 кВ Раздольное-2;110;1;1.1;0.4;;;;;;;;111.73;-51.19;;1 
0;0;Нагр;1266;ПС 110 кВ Давыдовка;110;1;32.3;8.5;;;;;;;;109.66;-52.54;8;32 
0;0;Нагр;1282;ПС 110 кВ Горностай;110;1;4.1;1.4;;;;;;;;119.88;-47.55;2;4 
0;0;Нагр;1423;ПС 220 кВ Горелое ОРУ 220 кВ;220;0;;;;;;;;;;231.22;-39.73;; 
0;0;Нагр;1425;ПС 220 кВ Горелое с.т. АТ-1;220;0;;;;;;;;;;229.77;-41.38;; 
0;0;Нагр;1424;ПС 220 кВ Горелое с.т. АТ-2;220;0;;;;;;;;;;229.78;-41.37;; 
0;0;Нагр;1262;ПС 110 кВ Надеждинская/т;110;1;8.9;7.9;;;;;;;;113.22;-49.88;8;9 
0;0;Нагр;1270;ПС 110 кВ Шахта-7;110;1;22.2;8.2;;;;;;;;114.76;-49.84;9;23 
0;0;Нагр;1278;ПС 110 кВ Спутник;110;1;26.6;5.7;;;;;;;;117.82;-49.12;6;28 
0;0;Нагр;1355;ПС 220 кВ Волна 1С 110;110;1;7.6;0.7;;;;;;;;120;-48.03;1;8 
0;0;Нагр;1356;ПС 220 кВ Волна 2С 110;110;1;6.3;0.5;;;;;;;;120;-48.03;1;7 
0;0;Нагр;1459;ПС 220 кВ Волна 3С 6 кВ, 5С 6 кВ;6;2;16.5;4.1;;;;;;;;5.99;-50.92;4;16 
0;0;Нагр;1460;ПС 220 кВ Волна 4С 6 кВ, 6С 6 кВ;6;2;14;3.6;;;;;;;;6;-50.55;4;14 
0;0;Нагр;1289;ПС 110 кВ 2Р 1С 110;110;1;15;3.8;;;;;;;;119.96;-47.79;4;16 
0;0;Нагр;1290;ПС 110 кВ 2Р 2С 110;110;1;14.5;3.3;;;;;;;;119.96;-47.79;4;15 
0;0;Нагр;1291;ПС 110 кВ 1P/т СШ1-110;110;0;;;;;;;;;;119.82;-47.9;; 
0;0;Нагр;1293;ПС 110 кВ ВTЭЦ-1 1С 110;110;1;7.8;2.3;;;;;;;;119.72;-47.89;3;8 
0;0;Нагр;1294;ПС 110 кВ ВTЭЦ-1 2С 110;110;1;8.9;2.6;;;;;;;;119.72;-47.89;3;9 
0;0;Нагр;1283;ПС 110 кВ А 1С 110;110;1;14.1;5.1;;;;;;;;120.12;-47.31;6;15 
0;0;Нагр;1284;ПС 110 кВ А 2С 110;110;1;34.2;12.9;;;;;;;;120.12;-47.31;15;36 
0;0;Нагр;1247;ПС 110 кВ Мингородок 1С 110;110;1;8.2;1.6;;;;;;;;120.03;-47.52;2;9 
0;0;Нагр;1248;ПС 110 кВ Мингородок 2С 110;110;1;13.2;2.8;;;;;;;;120.03;-47.52;3;14 
0;0;Нагр;1176;ПС 110 кВ Находка/т;110;1;6.5;8.2;;;;;;;;116.3;-47.29;9;7 
0;0;Нагр;1170;ПС 110 кВ Находка 2СШ 110;110;1;32.4;5.8;;;;;;;;116.13;-48.22;6;34 
0;0;Нагр;1177;ПС 110 кВ Находка 1СШ 110;110;1;12.8;2.6;;;;;;;;116.13;-48.22;3;13 
0;0;Нагр;1167;ПС 220 кВ Широкая  1С 110 кВ;110;1;20;6.6;;;;;;;;117.55;-47.29;7;21 
0;0;Нагр;1168;ПС 220 кВ Широкая  2С 110 кВ;110;1;14.4;5.5;;;;;;;;117.55;-47.29;6;15 
0;0;Нагр;1277;ПС 110 кВ Промузел;110;1;19.2;4.5;;;;;;;;117.7;-49.09;5;20 
0;0;Нагр;1178;ПС 110 кВ Волчанец;110;1;10.7;2.9;;;;;;;;115.56;-48.99;3;11 
0;0;Нагр;1181;ПС 110 кВ Береговая-1;110;1;10.6;2.2;;;;;;;;118;-49.08;3;11 
0;0;Нагр;1313;Владивостокская TЭЦ-2 1СШ 110 кВ;110;0;;;;;;;;;;120.35;-47.07;; 
0;0;Нагр;1314;Владивостокская TЭЦ-2 2СШ 110 кВ;110;1;;;;;;;;;;120.35;-47.07;; 
0;0;Нагр;1136;ПС 110 кВ Сибирцево/т;110;1;15.8;19.3;;;;;;;;114.93;-46.29;21;16 
0;0;Нагр;1173;ПС 110 кВ Восточная/т;110;1;1.5;6.4;;;;;;;;114.95;-47.58;7;2 
0;0;Нагр;1512;Приморская ГРЭС IIСШ 220 кВ;220;0;;;;;;;;;;241.5;-22.59;; 
0;0;Нагр;1639;ПС 220 кВ НПС-38 1С 220;220;1;3.2;0.6;;;;;;;;237.66;-28.52;1;3 
0;0;Нагр;1537;ПС 500 кВ Дальневосточная 1С 220;220;0;;;;;;;;;;231.83;-39.42;; 
0;0;Нагр;1538;ПС 500 кВ Дальневосточная 2С 220;220;0;;;;;;;;;;231.83;-39.42;; 
0;0;Нагр;1621;ПС 220 кВ Русская 1С 220;220;0;;;;;;;;;;226.79;-45.66;; 
0;0;Нагр;1622;ПС 220 кВ Русская 2С 220;220;0;;;;;;;;;;226.79;-45.66;; 
0;0;Нагр;1623;ПС 220 кВ Русская с.т. АТ-1;220;0;;;;;;;;;;225.74;-46.61;; 
0;0;Нагр;1624;ПС 220 кВ Русская с.т. АТ-2;220;0;;;;;;;;;;227.4;-45.92;; 
0;1;Нагр;1625;ПС 220 кВ Русская 1С 110;110;0;;;;;;;;;;;;; 
0;1;Нагр;1626;ПС 220 кВ Русская 2С 110;110;0;;;;;;;;;;;;; 
0;0;Нагр;1627;ПС 220 кВ Русская 1С 35;35;0;;;;;;;;;;37.47;-48.4;; 
0;0;Нагр;1628;ПС 220 кВ Русская 2С 35;35;0;;;;;;;;;;38.25;-46.4;; 
0;0;Нагр;1635;ПС 220 кВ НПС-40;220;1;6.6;-0.7;;;;;;;;232.32;-39.61;-1;7 
0;0;Нагр;1637;ПС 220 кВ НПС-41;220;1;8.5;0.4;;;;;;;;232.31;-39.64;;9 
0;0;Нагр;1542;ПС 500 кВ Чугуевка-2 т.с. В-1 220 АТ-1, В-2 220 АТ-1;220;0;;;;;;;;;;233.06;-37.28;; 
0;0;Нагр;1543;ПС 500 кВ Чугуевка-2 1С 220 кВ;220;1;;;;;;;;;;233.06;-37.28;; 
0;0;Нагр;1544;ПС 500 кВ Чугуевка-2 2С 220 кВ;220;0;;;;;;;;;;233.06;-37.28;; 
0;0;Нагр;1401;ПС 220 кВ Губерово/т;220;1;14.4;8.4;;;;;;;;238.71;-25.43;10;15 
1;1;Нагр;1409;ПС 220 кВ Шмаковка/т;220;0;;;;;;;;;;;;; 
0;0;Нагр;1408;ПС 220 кВ Свиягино/т;220;1;19.6;10.4;;;;;;;;233.37;-37.38;12;20 
0;0;Нагр;1465;ПС 220 кВ Перевал;220;1;0.8;0.2;;;;;;;;218.25;-44.72;;1 
0;0;Нагр;1466;ПС 220 кВ Звезда;220;1;4.1;1.2;;;;;;;;218.98;-45.43;1;4 
0;0;Нагр;3802;ПС 220 кВ Хорогочи 2С ОРУ 35 кВ;35;2;1.4;0.1;;;;;;;;34.94;-28.75;;1 
0;0;Нагр;1128;ПС 110 кВ Прогресс;110;1;5.7;1.4;;;;;;;;119.3;-43.18;2;6 
0;0;Нагр;1222;ПС 110 кВ Дмитриевка 2С 110;110;1;0.9;0.4;;;;;;;;120.06;-44.36;;1 
0;0;Нагр;1201;ПС 110 кВ Мучная;110;1;3.6;1.3;;;;;;;;117.29;-45.64;1;4 
0;0;Нагр;1202;ПС 110 кВ Вадимовка;110;1;0.3;;;;;;;;;115.92;-46.35;; 
0;0;Нагр;1203;ПС 110 кВ Петровичи;110;1;1.6;0.6;;;;;;;;114.78;-46.94;1;2 
0;0;Нагр;1221;ПС 110 кВ Дмитриевка 1С 110;110;1;;;;;;;;;;120.02;-44.42;; 
0;0;Нагр;1213;ПС 110 кВ З 1С 110;110;1;2.2;0.9;;;;;;;;112.77;-50.14;1;2 
0;0;Нагр;1214;ПС 110 кВ З 2С 110;110;1;4.4;1.8;;;;;;;;112.77;-50.14;2;4 
0;0;Нагр;1272;отп. ПС 110 кВ Кролевцы 2С 110;110;0;;;;;;;;;;117.14;-48.8;; 
0;0;Нагр;1271;отп. ПС 110 кВ Кролевцы 1С 110;110;0;;;;;;;;;;117;-48.86;; 
0;0;Нагр;1281;ПС 110 кВ Океан;110;1;2.2;0.5;;;;;;;;119.25;-48.03;1;2 
0;0;Нагр;1148;ПС 110 кВ Штыково 2С 110;110;1;4.9;1.6;;;;;;;;118.14;-48.3;2;5 
0;0;Нагр;1149;ПС 110 кВ Штыково 1С 110;110;1;3.3;1;;;;;;;;118.14;-48.3;1;4 
0;0;Нагр;1196;ПС 110 кВ Краскино;110;1;11.3;2.8;;;;;;;;101.53;-57.57;2;11 
0;0;Нагр;1195;ПС 110 кВ Троица;110;1;7;1.6;;;;;;;;102.24;-57.16;1;7 
0;0;Нагр;1193;ПС 110 кВ Славянка;110;1;18.8;3.3;;;;;;;;104.26;-55.95;3;18 
0;0;Нагр;1190;ПС 110 кВ Барабаш;110;1;6.5;1.7;;;;;;;;106.54;-54.49;2;6 
0;0;Нагр;1359;ПС 110 кВ Котельная 2Р;110;1;3.8;1.2;;;;;;;;119.94;-48.07;1;4 
0;0;Нагр;1357;ПС 110 кВ Бурун 1С 110;110;1;18.2;5.8;;;;;;;;119.83;-47.85;7;19 
0;0;Нагр;1358;ПС 110 кВ Бурун 2С 110;110;1;31.9;9.7;;;;;;;;119.73;-48.22;11;34 
0;0;Нагр;1241;ПС 110 кВ Голдобин 1С 110;110;1;17.5;4;;;;;;;;119.65;-47.47;5;18 
0;0;Нагр;1240;ПС 110 кВ Голдобин 2С 110;110;1;15.5;3.7;;;;;;;;119.58;-47.51;4;16 
0;0;Нагр;1645;ПС 110 кВ Чуркин 1С 110;110;1;6.2;1.6;;;;;;;;119.64;-47.48;2;7 
0;0;Нагр;1646;ПС 110 кВ Чуркин 2С 110;110;1;9.5;2.3;;;;;;;;119.55;-47.52;3;10 
0;0;Нагр;1131;ПС 220 кВ Арсеньев-2 1С 110 кВ;110;1;;;;;;;;;;119.98;-42.89;; 
0;0;Нагр;4104;ПС 110 кВ Рябиновая;110;1;1.3;0.2;;;;;;;;115.09;-36.45;;1 
0;0;Нагр;4102;ПС 110 кВ Алдан;110;1;8.9;0.6;;;;;;;;114.58;-35.6;1;9 
0;0;Нагр;1157;ПС 110 кВ НCPЗ;110;1;10.2;2;;;;;;;;116.01;-48.31;2;11 
0;0;База;60402930;ПС 220 кВ НПС-6 2 СШ;220;1;3.8;1.9;53.5;-33;245;-100;100;;;245;;2;4 
0;0;Ген;60402931;ПС 220 кВ НПС-6 1 СШ;220;1;3.8;1.9;65;-33.5;245;-100;100;;;245;2.91;2;4 
0;0;Нагр;60402933;ПС 220 кВ НПС-7 2 СШ;220;1;3.8;1.9;;;;;;;;247.94;-2.88;2;4 
0;0;Нагр;60402932;ПС 220 кВ НПС-7 1 СШ;220;1;3.8;1.9;;;;;;;;247.5;-0.58;2;4 
0;0;Нагр;60402934;ПС 220 кВ НПС-8 2 СШ;220;1;4;2;;;;;;;;247.46;-5.45;3;4 
0;0;Нагр;60402935;ПС 220 кВ НПС-8 1 СШ;220;1;4;2;;;;;;;;246.83;-3.81;3;4 
0;0;Нагр;6350;Светлинская ГЭС 2C 220;220;0;;;;;;;;;;240.5;-49.09;; 
0;0;Нагр;6250;ПС 220 кВ Сунтар ОРУ-220 кВ;220;0;;;;;;;;;;226.95;-57.99;; 
0;0;Нагр;1455;ПС 220 кВ Волна ОРУ 220 кВ;220;0;;;;;;;;;;225;-45.48;; 
0;0;Нагр;1457;ПС 220 кВ Волна с.т. АТ-1;220;0;;;;;;;;;;213.95;-48.31;; 
0;0;Нагр;1458;ПС 220 кВ Волна с.т. АТ-2;220;0;;;;;;;;;;213.95;-48.33;; 
0;0;Нагр;1245;ПС 110 кВ 1Р 1С 110;110;1;9.3;2.5;;;;;;;;120.05;-47.59;3;10 
0;0;Нагр;1246;ПС 110 кВ 1Р 2С 110;110;1;9.1;2.5;;;;;;;;120.05;-47.59;3;10 
0;0;Нагр;1200;ПС 110 кВ Камень-Рыболов;110;1;16.4;6.1;;;;;;;;111.34;-48.68;6;17 
0;0;Нагр;1185;ПС 110 кВ 178Ф;110;1;4.8;1.3;;;;;;;;116.56;-49.56;1;5 
0;0;Нагр;1184;ПС 110 кВ Прибой;110;1;2.1;0.6;;;;;;;;116.5;-49.56;1;2 
0;0;Нагр;1145;отп.1 ПС 110 кВ Фридман/т;110;0;;;;;;;;;;116.4;-46.16;; 
0;0;Нагр;1146;отп.2 ПС 110 кВ Фридман/т;110;0;;;;;;;;;;117.66;-46.12;; 
0;0;Нагр;1260;отп. ПС 110 кВ Кожзавод;110;0;;;;;;;;;;114.85;-47.94;; 
0;0;Нагр;1315;Владивостокская ТЭЦ-2 с.т. АТ-4А, Б;220;0;;;;;;;;;;228.64;-47.42;; 
0;0;Нагр;1243;ПС 110 кВ Стройиндустрия 1С 110;110;1;4.5;1;;;;;;;;120.06;-47.61;1;5 
0;0;Нагр;1244;ПС 110 кВ Стройиндустрия 2С 110;110;1;6.5;1.2;;;;;;;;120.06;-47.61;1;7 
0;0;Нагр;3810;ПС 220 кВ Тутаул 2C ОРУ 35 кВ;35;2;1.7;0.4;;;;;;;;37.35;-21.79;;2 
0;0;Нагр;1295;ПС 110 кВ Голубинка 1С 110;110;1;10.3;2.2;;;;;;;;119.86;-47.7;3;11 
0;0;Нагр;1296;ПС 110 кВ Голубинка 2С 110;110;1;18.5;5.4;;;;;;;;119.84;-47.74;6;20 
0;0;Нагр;3809;ПС 220 кВ Дипкун 1C ОРУ 35 кВ;35;2;3.8;0.1;;;;;;;;36.56;-24.08;;4 
0;0;Нагр;1186;ПС 110 кВ Подъяпольск;110;1;2.6;0.4;;;;;;;;116.92;-49.45;;3 
0;0;Нагр;1192;отп.2 ПС 110 кВ Барабаш;110;0;;;;;;;;;;107.05;-54.23;; 
0;0;Нагр;1191;отп.1 ПС 110 кВ Барабаш;110;0;;;;;;;;;;106.55;-54.48;; 
0;0;Нагр;1194;отп. ПС 110 кВ Tроица;110;0;;;;;;;;;;102.46;-57.04;; 
0;0;Нагр;1220;ПС 110 кВ Студгородок;110;1;4.1;1.5;;;;;;;;113;-50.17;2;4 
0;0;Нагр;1108;ПС 110 кВ Новопокровка;110;1;3.5;0.3;;;;;;;;108.24;-34.69;;4 
0;0;Нагр;1105;ПС 220 кВ Иман 1с 110 кВ;110;0;;;;;;;;;;111.71;-31.74;; 
0;0;Нагр;1106;ПС 220 кВ Иман 2с 110 кВ;110;0;;;;;;;;;;113.73;-29.53;; 
0;0;Нагр;1110;ПС 110 кВ Восток;110;1;10.1;3.4;;;;;;;;102.33;-38.58;3;10 
0;0;Нагр;1641;ПС 110 кВ Орлиная 1С 110;110;1;5.8;1.2;;;;;;;;119.77;-47.81;1;6 
0;0;Нагр;1642;ПС 110 кВ Орлиная 2С 110;110;1;17;3.1;;;;;;;;119.77;-47.81;4;18 
0;0;Нагр;1691;ПС 220 кВ Иман 1с 35 кВ;35;2;14.7;2.8;;;;;;;;38.47;-35.38;4;16 
0;0;Нагр;1692;ПС 220 кВ Иман 2с 35 кВ;35;2;10.5;2.8;;;;;;;;38.43;-31.79;4;11 
0;0;Нагр;1133;ПС 110 кВ Молодежная;110;1;26.7;8.2;;;;;;;;118.37;-43.75;9;28 
0;0;Нагр;1109;ПС 110 кВ Рощино;110;1;4.5;1.3;;;;;;;;106.43;-36.07;1;4 
0;0;Нагр;1605;ПС 220 кВ Иман с.т. АТ-1;220;0;;;;;;;;;;235.09;-31.63;; 
0;0;Нагр;1606;ПС 220 кВ Иман с.т. АТ-2;220;0;;;;;;;;;;233.58;-29.56;; 
0;0;Нагр;1279;ПС 110 кВ Чайка;110;1;27.7;7.1;;;;;;;;118.5;-48.87;8;29 
0;0;Нагр;1647;ПС 110 кВ Седанка;110;1;8.7;2.1;;;;;;;;118.35;-48.99;2;9 
0;0;Нагр;1250;ПС 110 кВ ЛPЗ;110;1;18;5.2;;;;;;;;117.43;-47.32;6;19 
0;0;Нагр;1229;отп. ПС 110 кВ Mихайловка;110;0;;;;;;;;;;117.4;-47.27;; 
0;0;Нагр;1249;ПС 110 кВ Михайловка;110;1;6.4;2.5;;;;;;;;117.19;-47.32;3;7 
0;0;Нагр;1227;ПС 110 кВ Павловка-2;110;1;9.7;3.6;;;;;;;;116.1;-47.08;4;10 
0;0;Нагр;1239;ПС 110 кВ Агрокомплекс 1С 110 кВ;110;1;1.3;0.3;;;;;;;;116.42;-47.22;;1 
0;0;Нагр;1219;ПС 110 кВ Новоникольск;110;1;8.5;3.3;;;;;;;;117.05;-47.47;4;9 
0;0;Нагр;1165;ПС 110 кВ Песчаная;110;1;0.4;0.2;;;;;;;;118.12;-49.08;; 
0;0;Нагр;1160;ПС 110 кВ ЖБФ;110;1;2.3;0.7;;;;;;;;117.5;-47.32;1;2 
0;0;Нагр;1218;отп. ПС 110 кВ Гранит;110;0;;;;;;;;;;117.1;-47.46;; 
0;0;Нагр;1211;ПС 110 кВ Промышленная 1С 110;110;1;5.1;2.1;;;;;;;;117.03;-47.48;2;5 
0;0;Нагр;1212;ПС 110 кВ Промышленная 2С 110;110;1;2.4;1;;;;;;;;112.77;-49.96;1;2 
0;0;Нагр;1273;ПС 110 кВ Кролевцы 1С 110;110;1;11.8;4.1;;;;;;;;116.94;-48.89;5;12 
0;0;Нагр;1274;ПС 110 кВ Кролевцы 2С 110;110;1;6.4;2.3;;;;;;;;117.11;-48.82;3;7 
0;0;Нагр;1232;отп. ПС 110 кВ Загородная 2С 110;110;0;;;;;;;;;;120.08;-47.22;; 
0;0;Нагр;1231;отп. ПС 110 кВ Загородная 1С 110;110;0;;;;;;;;;;120.09;-47.21;; 
0;0;Нагр;1233;ПС 110 кВ Загородная 1С 110;110;1;15.9;4.1;;;;;;;;120.06;-47.23;5;17 
0;0;Нагр;1234;ПС 110 кВ Загородная 2С 110;110;1;14.1;3.7;;;;;;;;120.05;-47.23;4;15 
0;0;Нагр;1237;ПС 110 кВ Улисс 1С 110;110;1;12.7;3.3;;;;;;;;119.72;-47.42;4;14 
0;0;Нагр;1238;ПС 110 кВ Улисс 2С 110;110;1;15.6;4;;;;;;;;119.64;-47.46;5;17 
0;0;Нагр;1236;отп. ПС 110 кВ Улисс 2С 110;110;0;;;;;;;;;;119.65;-47.46;; 
0;0;Нагр;1235;отп. ПС 110 кВ Улисс 1С 110;110;0;;;;;;;;;;119.73;-47.42;; 
0;0;Нагр;1215;ПС 110 кВ Гранит 1С 110;110;1;8.5;3.3;;;;;;;;112.7;-50.16;3;9 
0;0;Нагр;1216;ПС 110 кВ Гранит 2С 110;110;1;6.1;2.4;;;;;;;;116.96;-47.51;3;6 
0;0;Нагр;1403;отп. ПС 220 кВ Иман 1с 220 кВ;220;0;;;;;;;;;;237.38;-27.93;; 
0;0;Нагр;1404;отп. ПС 220 кВ Иман 2с 220 кВ;220;0;;;;;;;;;;236.95;-28.14;; 
0;0;Нагр;1158;ПС 110 кВ Учебная;110;1;16.9;3.3;;;;;;;;116.05;-48.27;4;17 
0;0;Нагр;1163;ПС 110 кВ Топаз 1С 110;110;1;0.8;0.2;;;;;;;;118.14;-49.05;;1 
0;0;Нагр;1164;ПС 110 кВ Топаз 2С 110;110;1;2.5;1;;;;;;;;118.03;-49.08;1;3 
0;0;Нагр;1187;ПС 110 кВ Новый мир;110;1;2.4;0.4;;;;;;;;117.41;-49.3;;3 
0;0;Нагр;1150;ПС 110 кВ Факел;110;1;13;4.5;;;;;;;;117.86;-48.41;5;14 
0;0;Нагр;1402;ПС 220 кВ Ружино/т;220;1;29.2;20.9;;;;;;;;235.34;-31.71;24;31 
0;0;Нагр;1107;ПС 110 кВ Дальнереченск/т;110;1;2.2;3.2;;;;;;;;113.66;-29.53;3;2 
0;0;Нагр;1101;ПС 110 кВ Спасск/т;110;1;3.5;3;;;;;;;;122.31;-43.14;4;4 
0;0;Нагр;1102;ПС 110 кВ АСБ;110;1;1.6;0.6;;;;;;;;122.31;-43.15;1;2 
0;0;Нагр;1297;ПС 110 кВ Залив 1С 110;110;1;4.4;0.8;;;;;;;;119.73;-47.95;1;5 
0;0;Нагр;1298;ПС 110 кВ Залив 2С 110;110;1;13.4;2.4;;;;;;;;119.73;-47.95;3;14 
0;0;Ген+;1553;ПС 500 кВ Владивосток 1с 220 (УШР 220);220;1;;;;-3;231;-110;-3;;;228.38;-43.1;; 
0;0;Нагр;1554;ПС 500 кВ Владивосток 2с 220;220;0;;;;;;;;;;228.38;-43.1;; 
0;1;Нагр;1555;ПС 220 кВ Промпарк 1СШ 220 кВ;220;0;;;;;;;;;;;;; 
0;1;Нагр;1556;ПС 220 кВ Промпарк 2СШ 220 кВ;220;0;;;;;;;;;;;;; 
0;0;Нагр;1441;ПС 220 кВ Аэропорт 1С 220;220;1;2.9;;;;;;;;;226.17;-44.13;;3 
0;0;Нагр;1442;ПС 220 кВ Аэропорт 2С 220;220;1;2.1;;;;;;;;;226.17;-44.13;;2 
0;0;Нагр;1471;ПС 220 кВ Козьмино 1С 220 кВ;220;1;0.9;;;;;;;;;222.13;-41.43;;1 
0;0;Нагр;1470;ПС 220 кВ Козьмино 2С 220 кВ;220;1;1;;;;;;;;;222.13;-41.43;;1 
0;0;Нагр;1501;Приморская ГРЭС П1 500 кВ (ШР-1);500;0;;;;;;;;653;3;507.19;-24.82;; 
0;0;Нагр;1502;Приморская ГРЭС П3 500 кВ (ШР-2);500;0;;;;;;;;653;2;507.18;-24.82;; 
0;0;Нагр;1507;Приморская ГРЭС с.т. 7АТ;500;0;;;;;;;;;;515.2;-22.36;; 
0;0;Нагр;1508;Приморская ГРЭС с.т. 8АТ;500;0;;;;;;;;;;515.68;-22.6;; 
0;0;Нагр;1539;ПС 500 кВ Дальневосточная 4С 500;500;0;;;;;;;;;;505.16;-37.64;; 
0;0;Нагр;1532;ПС 500 кВ Дальневосточная 2С 500;500;0;;;;;;;;;;505.16;-37.64;; 
0;0;Нагр;1531;ПС 500 кВ Дальневосточная 1С 500;500;0;;;;;;;;;;505.16;-37.64;; 
0;0;Нагр;1530;ПС 500 кВ Дальневосточная 3С 500;500;0;;;;;;;;;;505.16;-37.64;; 
0;0;Нагр;1533;ПС 500 кВ Дальневосточная с.т. АT-1;500;0;;;;;;;;;;503.82;-39.57;; 
0;0;Нагр;1534;ПС 500 кВ Дальневосточная с.т. АT-2;500;0;;;;;;;;;;503.73;-39.59;; 
0;0;Нагр;1540;ПС 500 кВ Чугуевка-2 т.с. В-1 500, В-3 500;500;0;;;;;;;;;;498.24;-34.78;; 
0;0;Нагр;1541;ПС 500 кВ Чугуевка-2 Р-1 500;500;0;;;;;;;;653;2;498.24;-34.78;; 
0;0;Нагр;1545;ПС 500 кВ Чугуевка-2 т.с. В-2 500, В-3 500;500;0;;;;;;;;;;498.24;-34.78;; 
0;0;Ген+;1561;ПС 500 кВ Лозовая УШР 500;500;0;;;;-4;508.3;-180;-4;;;495.27;-38.58;; 
0;0;Нагр;1560;ПС 500 кВ Лозовая Р-1 500;500;0;;;;;;;;653;2;495.27;-38.58;; 
0;0;Нагр;1562;ПС 500 кВ Лозовая 2С 500 кВ;500;0;;;;;;;;;;495.27;-38.58;; 
0;0;Нагр;1565;ПС 500 кВ Лозовая т.с. В-1 220 АТ-2, В-2 220 АТ-2;220;1;;;;;;;;;;222.04;-41.41;; 
0;0;Нагр;1564;ПС 500 кВ Лозовая 2С 220 кВ;220;0;;;;;;;;;;222.04;-41.41;; 
0;0;Нагр;1563;ПС 500 кВ Лозовая 1С 220 кВ;220;0;;;;;;;;;;222.04;-41.41;; 
0;0;Нагр;1303;ПС 110 кВ Бурная 1С 110;110;0;;;;;;;;;;119.71;-47.97;; 
0;0;Нагр;1304;ПС 110 кВ Бурная 2С 110;110;0;;;;;;;;;;119.7;-47.98;; 
0;0;Нагр;1305;ПС 110 кВ Бурная с.т. Т-1;110;0;;;;;;;;;;118.95;-49.83;; 
0;0;Нагр;1306;ПС 110 кВ Бурная с.т. Т-2;110;0;;;;;;;;;;118.74;-50.68;; 
0;0;Нагр;1307;ПС 110 кВ Бурная 1С 6;6;2;5.8;1;;;;;;;;6.46;-50.45;1;6 
0;0;Нагр;1308;ПС 110 кВ Бурная 2С 6;6;2;5.9;1;;;;;;;;6.45;-51.3;1;6 
0;0;Нагр;1309;ПС 110 кВ Бурная 1С 35;35;0;;;;;;;;;;35.66;-49.77;; 
0;0;Нагр;1310;ПС 110 кВ Бурная 2С 35;35;0;;;;;;;;;;36.5;-50.59;; 
0;0;Нагр;1629;ПС 35 кВ Эгершельд 1С 35;35;2;6.6;0.9;;;;;;;;35.54;-49.85;1;7 
0;0;Нагр;1630;ПС 35 кВ Эгершельд 2С 35;35;2;10.6;1.2;;;;;;;;36.3;-50.73;1;11 
0;0;Нагр;1631;ПС 35 кВ Зеленая 1С 35;35;2;0.6;;;;;;;;;36.21;-50.94;;1 
0;0;Нагр;1632;ПС 35 кВ КЭТ;35;2;0.7;;;;;;;;;36.21;-50.94;;1 
0;0;Нагр;1633;ПС 35 кВ КЭТ;35;2;4;1.3;;;;;;;;37.34;-48.48;2;4 
0;0;Нагр;1651;ТЭЦ Центральная 1С 35 кВ;35;0;;;;;;;;;;37.46;-48.4;; 
0;0;Нагр;1652;ТЭЦ Центральная 2С 35 кВ;35;0;;;;;;;;;;38.25;-46.4;; 
0;0;Нагр;1653;ТЭЦ Центральная 1С 10 кВ, 3С 10 кВ;10;2;4.2;0.7;;;;;;;;9.91;-49.4;1;4 
0;0;Нагр;1654;ТЭЦ Центральная 2С 10 кВ, 4С 10 кВ;10;2;5.2;1;;;;;;;;10.1;-46.3;1;5 
0;0;Нагр;1655;ТЭЦ Северная 1С 10;10;2;;;;;;;;;;9.91;-49.41;; 
0;0;Нагр;1656;ТЭЦ Северная 2С 10;10;2;1.1;0.4;;;;;;;;10.02;-46.34;;1 
0;0;Нагр;1657;отп. ТЭЦ Океанариум 1С 35;35;0;;;;;;;;;;37.47;-48.41;; 
0;0;Нагр;1658;отп. ТЭЦ Океанариум 2С 35;35;0;;;;;;;;;;38.11;-46.54;; 
0;0;Нагр;1659;ТЭЦ Океанариум 1С 35;35;0;;;;;;;;;;37.47;-48.41;; 
0;0;Нагр;1660;ТЭЦ Океанариум 2С 35;35;0;;;;;;;;;;38.1;-46.55;; 
0;1;Нагр;1661;ТЭЦ Океанариум 1С 10;10;2;2.6;0.9;;;;;;;;;-22.73;; 
0;0;Нагр;1662;ТЭЦ Океанариум 2С 10;10;2;2.5;0.8;;;;;;;;10.2;-47.37;1;3 
0;0;Нагр;1663;ПС 35 кВ Коммунальная 1С 35;35;0;;;;;;;;;;37.47;-48.41;; 
0;0;Нагр;1664;ПС 35 кВ Коммунальная 2С 35;35;2;0.2;;;;;;;;;38.1;-46.55;; 
0;0;Нагр;1665;отп. ПС 35 кВ Зеленая 1С 35;35;0;;;;;;;;;;36.21;-50.94;; 
0;0;Нагр;1666;отп. ПС 35 кВ Зеленая 2С 35;35;0;;;;;;;;;;37.4;-48.47;; 
0;0;Нагр;1671;ТЭЦ Центральная ГТУ-1;6;0;;;;;6.2;;;;;5.94;-49.4;; 
0;1;Нагр;1672;ТЭЦ Центральная ГТУ-2;11;0;;;;;10.5;;;;;;;; 
0;1;Нагр;1673;ТЭЦ Центральная ГТУ-3;11;0;;;;;10.5;;;;;;;; 
0;0;Ген;1674;ТЭЦ Центральная ГТУ-4;11;0;;;6.8;3.6;10.1;-1.6;4.4;;;10.1;-46.3;; 
0;1;Нагр;1675;ТЭЦ Центральная ГТУ-5;11;0;;;;;10.5;;;;;;;; 
0;1;Нагр;1677;ТЭЦ Северная ГТУ-1;6;0;;;;;;;;;;;;; 
0;1;Нагр;1678;ТЭЦ Северная ГТУ-2;6;0;;;;;;;;;;;;; 
0;1;Нагр;1679;ТЭЦ Северная ДЭС-1;;0;;;;;;;;;;;;; 
0;1;Нагр;1680;ТЭЦ Северная ДЭС-2;;0;;;;;;;;;;;;; 
0;1;Нагр;1681;ТЭЦ Океанариум ГТУ-1;11;0;;;;;10.5;;;;;;-22.73;; 
0;1;Нагр;1682;ТЭЦ Океанариум ГТУ-2;11;0;;;;;10.5;;;;;;;; 
